channel,timestamp,clean_message
Shageronlinestore,2025-06-24T05:36:56+00:00,
Shageronlinestore,2025-06-24T05:36:55+00:00,
Shageronlinestore,2025-06-23T10:31:18+00:00,
Shageronlinestore,2025-06-23T10:31:17+00:00,
Shageronlinestore,2025-06-23T07:27:17+00:00,
Shageronlinestore,2025-06-23T07:27:17+00:00,
Shageronlinestore,2025-06-21T14:15:20+00:00,
Shageronlinestore,2025-06-21T14:12:57+00:00,
Shageronlinestore,2025-06-21T07:02:35+00:00,
Shageronlinestore,2025-06-21T07:01:25+00:00,
Shageronlinestore,2025-06-20T15:25:41+00:00,
Shageronlinestore,2025-06-20T15:25:40+00:00,
Shageronlinestore,2025-06-20T11:47:53+00:00,
Shageronlinestore,2025-06-20T09:03:23+00:00,
Shageronlinestore,2025-06-20T06:48:11+00:00,
Shageronlinestore,2025-06-19T12:31:30+00:00,
Shageronlinestore,2025-06-19T06:31:31+00:00,
Shageronlinestore,2025-06-18T11:19:11+00:00,
Shageronlinestore,2025-06-18T07:12:03+00:00,
Shageronlinestore,2025-06-17T18:32:21+00:00,
Shageronlinestore,2025-06-17T18:32:20+00:00,
Shageronlinestore,2025-06-17T14:55:21+00:00,
Shageronlinestore,2025-06-17T08:41:24+00:00,
Shageronlinestore,2025-06-17T08:41:24+00:00,
Shageronlinestore,2025-06-17T08:41:24+00:00,
Shageronlinestore,2025-06-17T07:27:32+00:00,
Shageronlinestore,2025-06-16T14:02:38+00:00,
Shageronlinestore,2025-06-16T11:46:38+00:00,
Shageronlinestore,2025-06-16T11:37:47+00:00,
Shageronlinestore,2025-06-16T06:35:55+00:00,
Shageronlinestore,2025-06-14T10:19:19+00:00,
Shageronlinestore,2025-06-14T06:32:45+00:00,
Shageronlinestore,2025-06-14T06:32:45+00:00,
Shageronlinestore,2025-06-13T16:23:26+00:00,
Shageronlinestore,2025-06-13T11:27:57+00:00,
Shageronlinestore,2025-06-13T06:21:44+00:00,
Shageronlinestore,2025-06-12T16:28:32+00:00,
Shageronlinestore,2025-06-12T10:24:36+00:00,
Shageronlinestore,2025-06-12T10:24:35+00:00,
Shageronlinestore,2025-06-12T08:36:47+00:00,
aradabrand2,2025-05-29T05:30:50+00:00,
aradabrand2,2025-05-29T05:30:50+00:00,
aradabrand2,2025-05-29T05:30:50+00:00,
aradabrand2,2025-05-29T05:30:50+00:00,
aradabrand2,2024-08-04T08:59:56+00:00,
aradabrand2,2024-08-04T08:57:06+00:00,
aradabrand2,2024-08-04T08:56:32+00:00,
aradabrand2,2024-08-04T08:55:33+00:00,
aradabrand2,2024-08-04T08:54:28+00:00,
aradabrand2,2024-08-04T08:54:00+00:00,
aradabrand2,2024-08-04T08:53:27+00:00,
aradabrand2,2024-08-04T08:52:19+00:00,
aradabrand2,2024-08-04T08:51:52+00:00,
aradabrand2,2024-08-04T08:51:25+00:00,
aradabrand2,2024-08-04T08:51:01+00:00,
aradabrand2,2024-08-04T08:50:41+00:00,
aradabrand2,2024-08-04T08:50:14+00:00,
aradabrand2,2024-08-04T08:49:43+00:00,
aradabrand2,2024-08-04T08:49:16+00:00,
aradabrand2,2024-08-04T08:48:47+00:00,
aradabrand2,2024-07-11T12:21:03+00:00,
aradabrand2,2024-07-11T12:21:00+00:00,
aradabrand2,2024-07-11T12:20:51+00:00,
aradabrand2,2024-07-11T12:20:31+00:00,
aradabrand2,2024-07-11T12:20:24+00:00,
aradabrand2,2024-07-09T09:27:55+00:00,
aradabrand2,2024-07-09T09:26:41+00:00,
aradabrand2,2024-07-09T09:26:06+00:00,
aradabrand2,2024-07-09T09:24:42+00:00,
aradabrand2,2024-07-09T09:23:50+00:00,
aradabrand2,2024-07-08T10:12:57+00:00,
aradabrand2,2024-07-08T10:12:06+00:00,
aradabrand2,2024-07-08T10:11:34+00:00,
aradabrand2,2024-07-08T10:10:47+00:00,
aradabrand2,2024-07-08T10:10:18+00:00,
aradabrand2,2024-07-08T10:09:22+00:00,
aradabrand2,2024-07-08T10:07:53+00:00,
aradabrand2,2024-07-08T10:06:12+00:00,
aradabrand2,2024-07-08T09:20:15+00:00,
aradabrand2,2024-07-08T09:18:59+00:00,
aradabrand2,2024-07-08T09:16:49+00:00,
aradabrand2,2024-07-08T09:15:41+00:00,
aradabrand2,2024-07-08T09:14:41+00:00,
aradabrand2,2024-07-08T09:13:48+00:00,
gebeyaadama,2025-06-21T11:55:54+00:00,
gebeyaadama,2025-06-21T11:55:50+00:00,
gebeyaadama,2025-06-17T11:33:49+00:00,
gebeyaadama,2025-06-17T11:33:43+00:00,
gebeyaadama,2025-06-16T12:50:45+00:00,
gebeyaadama,2025-06-16T12:50:41+00:00,
gebeyaadama,2025-06-16T12:47:17+00:00,
gebeyaadama,2025-06-16T12:47:13+00:00,
gebeyaadama,2025-06-16T12:46:04+00:00,
gebeyaadama,2025-06-16T12:45:58+00:00,
gebeyaadama,2025-06-16T12:26:25+00:00,
gebeyaadama,2025-06-16T12:26:20+00:00,
gebeyaadama,2025-06-14T09:18:49+00:00,
gebeyaadama,2025-06-14T09:17:20+00:00,
gebeyaadama,2025-05-17T13:17:05+00:00,
gebeyaadama,2025-05-17T13:15:57+00:00,
gebeyaadama,2025-05-15T12:13:05+00:00,
gebeyaadama,2025-05-15T12:13:01+00:00,
gebeyaadama,2025-05-14T13:11:15+00:00,
gebeyaadama,2025-05-14T13:11:10+00:00,
gebeyaadama,2025-04-24T13:10:42+00:00,
gebeyaadama,2025-04-24T13:09:25+00:00,
gebeyaadama,2025-04-24T13:09:21+00:00,
gebeyaadama,2025-04-16T04:41:35+00:00,
gebeyaadama,2025-04-16T04:39:58+00:00,
gebeyaadama,2025-04-16T04:36:49+00:00,
gebeyaadama,2025-04-16T04:36:40+00:00,
gebeyaadama,2025-04-16T04:35:15+00:00,
gebeyaadama,2025-04-16T04:35:10+00:00,
gebeyaadama,2025-03-24T08:05:03+00:00,
gebeyaadama,2025-03-24T08:04:58+00:00,
gebeyaadama,2025-03-20T11:19:46+00:00,
gebeyaadama,2025-03-20T11:19:39+00:00,
gebeyaadama,2025-03-15T12:37:16+00:00,
gebeyaadama,2025-03-15T12:37:08+00:00,
gebeyaadama,2025-03-15T12:36:10+00:00,
gebeyaadama,2025-03-15T12:36:03+00:00,
gebeyaadama,2025-03-13T10:59:00+00:00,
gebeyaadama,2025-03-12T12:35:45+00:00,
gebeyaadama,2025-03-12T12:35:40+00:00,
gebeyaadama,2025-03-03T11:15:09+00:00,
gebeyaadama,2025-03-01T11:47:11+00:00,
gebeyaadama,2025-03-01T11:46:06+00:00,
gebeyaadama,2025-03-01T11:45:18+00:00,
gebeyaadama,2025-03-01T11:44:15+00:00,
gebeyaadama,2025-02-28T13:27:57+00:00,
gebeyaadama,2025-02-28T12:09:18+00:00,
gebeyaadama,2025-02-28T12:09:13+00:00,
gebeyaadama,2025-02-25T08:23:16+00:00,
ethio_brand_collection,2025-06-22T06:27:39+00:00,
ethio_brand_collection,2025-06-16T09:01:34+00:00,
ethio_brand_collection,2025-06-15T09:20:06+00:00,
ethio_brand_collection,2025-06-14T09:04:17+00:00,
ethio_brand_collection,2025-06-14T06:40:06+00:00,
ethio_brand_collection,2025-06-13T09:02:24+00:00,
ethio_brand_collection,2025-06-13T06:02:37+00:00,
ethio_brand_collection,2025-06-12T06:28:12+00:00,
ethio_brand_collection,2025-06-11T09:02:01+00:00,
ethio_brand_collection,2025-06-11T06:01:27+00:00,
ethio_brand_collection,2025-06-10T09:33:40+00:00,
ethio_brand_collection,2025-06-10T06:04:53+00:00,
ethio_brand_collection,2025-06-09T09:03:57+00:00,
ethio_brand_collection,2025-06-08T06:06:54+00:00,
ethio_brand_collection,2025-06-07T09:31:50+00:00,
ethio_brand_collection,2025-06-07T06:11:25+00:00,
ethio_brand_collection,2025-06-06T09:10:20+00:00,
ethio_brand_collection,2025-06-06T06:02:44+00:00,
ethio_brand_collection,2025-06-05T09:04:01+00:00,
ethio_brand_collection,2025-06-05T06:05:10+00:00,
ethio_brand_collection,2025-06-04T09:01:26+00:00,
ethio_brand_collection,2025-06-01T07:30:06+00:00,
ethio_brand_collection,2025-05-31T09:02:18+00:00,
ethio_brand_collection,2025-05-30T09:28:58+00:00,
ethio_brand_collection,2025-05-29T09:03:27+00:00,
ethio_brand_collection,2025-05-29T06:06:14+00:00,
ethio_brand_collection,2025-05-28T09:05:44+00:00,
ethio_brand_collection,2025-05-25T10:35:06+00:00,
ethio_brand_collection,2025-05-24T06:03:15+00:00,
ethio_brand_collection,2025-05-22T09:00:06+00:00,
ethio_brand_collection,2025-05-22T06:03:31+00:00,
ethio_brand_collection,2025-05-21T06:00:06+00:00,
ethio_brand_collection,2025-05-20T06:03:23+00:00,
ethio_brand_collection,2025-05-19T06:00:06+00:00,
ethio_brand_collection,2025-05-17T09:01:45+00:00,
ethio_brand_collection,2025-05-17T05:44:59+00:00,
ethio_brand_collection,2025-05-15T09:19:33+00:00,
ethio_brand_collection,2025-05-14T06:20:25+00:00,
ethio_brand_collection,2025-05-12T06:00:06+00:00,
ethio_brand_collection,2025-05-10T11:13:27+00:00,
ethio_brand_collection,2025-05-10T06:03:06+00:00,
