channel,message_id,text,timestamp,views,media_path
Shageronlinestore,7419,3in1 Rotatable outlet extender can easily convert one outlet in to three outlets space saving design compact and portable 250v max power2500w ዋጋ350ብር አድራሻ ቁ.1 መገናኛ ታሜ ጋስ ህንፃ ጎን ስሪ ኤም ሲቲ ሞል ሁለተኛ ፎቅ ቢሮ ቁ. SL05Aከ ሊፍቱ ፊት ለ ፊት ቁ.2 ለቡ መዳህኒዓለም ቤተክርስቲያን 100ሜ ወደ ሙዚቃ ቤት ከፍ ብሎ ዛምሞል 2ኛ ፎቅ ቢሮ.ቁ 214 0909522840 0923350054 ለቡ ቅርንጫፍ0973611819 በTelegram ለማዘዝ ይጠቀሙ @shageronlinestore ለተጨማሪ ማብራሪያ የቴሌግራም ገፃችን httpst.meShageronlinestore,2025-06-24T05:36:56+00:00,1261,
Shageronlinestore,7415,3in1 Rotatable outlet extender can easily convert one outlet in to three outlets space saving design compact and portable 250v max power2500w ዋጋ350ብር አድራሻ ቁ.1 መገናኛ ታሜ ጋስ ህንፃ ጎን ስሪ ኤም ሲቲ ሞል ሁለተኛ ፎቅ ቢሮ ቁ. SL05Aከ ሊፍቱ ፊት ለ ፊት ቁ.2 ለቡ መዳህኒዓለም ቤተክርስቲያን 100ሜ ወደ ሙዚቃ ቤት ከፍ ብሎ ዛምሞል 2ኛ ፎቅ ቢሮ.ቁ 214 0909522840 0923350054 ለቡ ቅርንጫፍ0973611819 በTelegram ለማዘዝ ይጠቀሙ @shageronlinestore ለተጨማሪ ማብራሪያ የቴሌግራም ገፃችን httpst.meShageronlinestore,2025-06-24T05:36:55+00:00,1202,media/Shageronlinestore_7415.jpg
Shageronlinestore,7414,Plastic And Metal Cubic Cloth Cabinet ዘመናዊ የልብስ ቁምሳጥን በቀላሉ የሚገጣጠም የሚነቃቀል ከጠንካራ ፕላስቲክና ከብረት ፍሬም የተሰራ 1.05ሜትር 45ሣሜ1.75ሜትር ስፋት ከስሩ 4 ጥንድ ጫማዎችንም ያስቀምጡበታል የልጆችና የአዋቂ ልብሶችን ለማስቀመጥ ተመራጭ ማራኪ ውበት ዋጋ5500 ብር ውስን ፍሬ ነው ያለው አድራሻ ቁ.1 መገናኛ ታሜ ጋስ ህንፃ ጎን ስሪ ኤም ሲቲ ሞል ሁለተኛ ፎቅ ቢሮ ቁ. SL05Aከ ሊፍቱ ፊት ለ ፊት ቁ.2 ለቡ መዳህኒዓለም ቤተክርስቲያን 100ሜ ወደ ሙዚቃ ቤት ከፍ ብሎ ዛምሞል 2ኛ ፎቅ ቢሮ.ቁ 214 0909522840 0923350054 ለቡ ቅርንጫፍ0973611819 በTelegram ለማዘዝ ይጠቀሙ @shageronlinestore ለተጨማሪ ማብራሪያ የቴሌግራም ገፃችን httpst.meShageronlinestore,2025-06-23T10:31:18+00:00,2752,
Shageronlinestore,7408,Plastic And Metal Cubic Cloth Cabinet ዘመናዊ የልብስ ቁምሳጥን በቀላሉ የሚገጣጠም የሚነቃቀል ከጠንካራ ፕላስቲክና ከብረት ፍሬም የተሰራ 1.05ሜትር 45ሣሜ1.75ሜትር ስፋት ከስሩ 4 ጥንድ ጫማዎችንም ያስቀምጡበታል የልጆችና የአዋቂ ልብሶችን ለማስቀመጥ ተመራጭ ማራኪ ውበት ዋጋ5500 ብር ውስን ፍሬ ነው ያለው አድራሻ ቁ.1 መገናኛ ታሜ ጋስ ህንፃ ጎን ስሪ ኤም ሲቲ ሞል ሁለተኛ ፎቅ ቢሮ ቁ. SL05Aከ ሊፍቱ ፊት ለ ፊት ቁ.2 ለቡ መዳህኒዓለም ቤተክርስቲያን 100ሜ ወደ ሙዚቃ ቤት ከፍ ብሎ ዛምሞል 2ኛ ፎቅ ቢሮ.ቁ 214 0909522840 0923350054 ለቡ ቅርንጫፍ0973611819 በTelegram ለማዘዝ ይጠቀሙ @shageronlinestore ለተጨማሪ ማብራሪያ የቴሌግራም ገፃችን httpst.meShageronlinestore,2025-06-23T10:31:17+00:00,2113,media/Shageronlinestore_7408.jpg
Shageronlinestore,7407,wc toilet rackwashing machin rack የመፀዳጃ ቤትዕቃዎች መደርደሪያ ጠንካራ ብረት ሼልፉ የላሜራ ብዙ ነገሮችን ያስቀምጡበታል አገጣጠሙ ቀላል በራሱ የሚቆም 1.60ሜትር ቁመት፣ 47ሣሜ ስፋት እና ሰፊው አካላ 25ሣሜ ጥልቀት ያለው ለኮንዶሚኒየምአፓርታማ ቤቶች የሚፈለግ ዋጋ 3500ብር ውስን ፍሬ ነው ያለው አድራሻ ቁ.1 መገናኛ ስሪ ኤም ሲቲ ሞል ሁለተኛ ፎቅ ቢሮ ቁ. SL05Aከ ሊፍቱ ፊት ለ ፊት ቁ.2 ለቡ መዳህኒዓለም ቤተክርስቲያን ፊት ለፊት ዛምሞል 2ኛ ፎቅ ቢሮ ቁጥር.214 ለቡ ቅርንጫፍ0973611819 0909522840 0923350054 በTelegram ለማዘዝ ይጠቀሙ @shageronlinestore ለተጨማሪ ማብራሪያ የቴሌግራም ገፃችን httpst.meShageronlinestore,2025-06-23T07:27:17+00:00,2658,
Shageronlinestore,7406,wc toilet rackwashing machin rack የመፀዳጃ ቤትዕቃዎች መደርደሪያ ጠንካራ ብረት ሼልፉ የላሜራ ብዙ ነገሮችን ያስቀምጡበታል አገጣጠሙ ቀላል በራሱ የሚቆም 1.60ሜትር ቁመት፣ 47ሣሜ ስፋት እና ሰፊው አካላ 25ሣሜ ጥልቀት ያለው ለኮንዶሚኒየምአፓርታማ ቤቶች የሚፈለግ ዋጋ 3500ብር ውስን ፍሬ ነው ያለው አድራሻ ቁ.1 መገናኛ ስሪ ኤም ሲቲ ሞል ሁለተኛ ፎቅ ቢሮ ቁ. SL05Aከ ሊፍቱ ፊት ለ ፊት ቁ.2 ለቡ መዳህኒዓለም ቤተክርስቲያን ፊት ለፊት ዛምሞል 2ኛ ፎቅ ቢሮ ቁጥር.214 ለቡ ቅርንጫፍ0973611819 0909522840 0923350054 በTelegram ለማዘዝ ይጠቀሙ @shageronlinestore ለተጨማሪ ማብራሪያ የቴሌግራም ገፃችን httpst.meShageronlinestore,2025-06-23T07:27:17+00:00,2383,media/Shageronlinestore_7406.jpg
Shageronlinestore,7403,BARDEFU 2 IN 1 Multi purpose juicer ኳሊቲ የሆነ የጁስ መፍጫ የጀርመን ቴክኖሎጂ የሆነ 3 ሌትር ጁስ የሚፈጭ ጆግ ያለው የብና እና የቅመማ ቅመም መፍጫ ያለው 8000Watt የሆነ ምላጮቹ ጠንካራ የሆኑ ለቤት እንዲሁም ለስራ የሚሆን አሪፍ እቃ ለአጠቃቀም ቀላል በረዶ ይፈጫል ዋጋ6800ብር ውስን ፍሬ ነው ያለን Limited Stock አድራሻ ቁ.1 መገናኛ ታሜ ጋስ ህንፃ ጎን ስሪ ኤም ሲቲ ሞል ሁለተኛ ፎቅ ቢሮ ቁ. SL05Aከ ሊፍቱ ፊት ለ ፊት ቁ.2 ለቡ መዳህኒዓለም ቤተክርስቲያን ወደ ሙዚቃ ቤት ከፍ ብሎ ዛምሞል 2ኛ ፎቅ ቢሮ.ቁ 214 0909522840 0923350054 ለቡ ቅርንጫፍ0973611819 በTelegram ለማዘዝ ይጠቀሙ @shageronlinestore ለተጨማሪ ማብራሪያ የቴሌግራም ገፃችን httpst.meShageronlinestore,2025-06-21T14:15:20+00:00,3441,media/Shageronlinestore_7403.jpg
Shageronlinestore,7402,BARDEFU 2 IN 1 Multi purpose juicer ኳሊቲ የሆነ የጁስ መፍጫ የጀርመን ቴክኖሎጂ የሆነ 3 ሌትር ጁስ የሚፈጭ ጆግ ያለው የብና እና የቅመማ ቅመም መፍጫ ያለው 8000Watt የሆነ ምላጮቹ ጠንካራ የሆኑ ለቤት እንዲሁም ለስራ የሚሆን አሪፍ እቃ ለአጠቃቀም ቀላል በረዶ ይፈጫል ዋጋ6800ብር ውስን ፍሬ ነው ያለን Limited Stock አድራሻ ቁ.1 መገናኛ ታሜ ጋስ ህንፃ ጎን ስሪ ኤም ሲቲ ሞል ሁለተኛ ፎቅ ቢሮ ቁ. SL05Aከ ሊፍቱ ፊት ለ ፊት ቁ.2 ለቡ መዳህኒዓለም ቤተክርስቲያን ወደ ሙዚቃ ቤት ከፍ ብሎ ዛምሞል 2ኛ ፎቅ ቢሮ.ቁ 214 0909522840 0923350054 ለቡ ቅርንጫፍ0973611819 በTelegram ለማዘዝ ይጠቀሙ @shageronlinestore ለተጨማሪ ማብራሪያ የቴሌግራም ገፃችን httpst.meShageronlinestore,2025-06-21T14:12:57+00:00,3430,
Shageronlinestore,7401,portable electrical water dispenser ባለ 3 press ለማንኛውም ዓይነት የውሃ ጀሪካን የሚሆን ቱቦው 55cm የሚረዝም 1200mA ቻርጅ የመያዝ አቅም ያለው ባትሪ መጠጫ ብርጭቆ በራሱ ላይ ማስቀመጥ ይቻላል ዋጋ 1600 ብር አድራሻ ቁ.1 መገናኛ ታሜ ጋስ ህንፃ ጎን ስሪ ኤም ሲቲ ሞል ሁለተኛ ፎቅ ቢሮ ቁ. SL05Aከ ሊፍቱ ፊት ለ ፊት ቁ.2 ለቡ መዳህኒዓለም ቤተክርስቲያን ፊት ለፊት ዛምሞል 2ኛ ፎቅ ቢሮ ቁጥር.214 0909522840 0923350054 ለቡ ቅርንጫፍ0973611819 በTelegram ለማዘዝ ይጠቀሙ @shageronlinestore ለተጨማሪ ማብራሪያ የቴሌግራም ገፃችን httpst.meShageronlinestore,2025-06-21T07:02:35+00:00,3401,media/Shageronlinestore_7401.jpg
Shageronlinestore,7400,portable electrical water dispenser ባለ 3 press ለማንኛውም ዓይነት የውሃ ጀሪካን የሚሆን ቱቦው 55cm የሚረዝም 1200mA ቻርጅ የመያዝ አቅም ያለው ባትሪ መጠጫ ብርጭቆ በራሱ ላይ ማስቀመጥ ይቻላል ዋጋ 1600 ብር አድራሻ ቁ.1 መገናኛ ታሜ ጋስ ህንፃ ጎን ስሪ ኤም ሲቲ ሞል ሁለተኛ ፎቅ ቢሮ ቁ. SL05Aከ ሊፍቱ ፊት ለ ፊት ቁ.2 ለቡ መዳህኒዓለም ቤተክርስቲያን ፊት ለፊት ዛምሞል 2ኛ ፎቅ ቢሮ ቁጥር.214 0909522840 0923350054 ለቡ ቅርንጫፍ0973611819 በTelegram ለማዘዝ ይጠቀሙ @shageronlinestore ለተጨማሪ ማብራሪያ የቴሌግራም ገፃችን httpst.meShageronlinestore,2025-06-21T07:01:25+00:00,3320,
Shageronlinestore,7399,"GROOMING SET ሶስት በአንድ የያዘ የፀጉር ማሽን እና ሼቨር የሚሰራ ጥራት ባለው ግብአት እና ዲዛየን የተሰራ የራስ ፀጉር እና ፂምን በስርአት እና በጥራት ለማስተካከል አስተማማኝ ማሽን በሚፈልጉት መጠን ለመቁረጥ መቀያየሪ ቁጥሮች ያሉት ጥቃቅን ለስላሳ ምላጮች እየተሽከረከሩ ምቾትን በተላበሰ መልኩ ፂምዎን ያስምሩሉዎታል እንደ ምላጭ ወይም የፀጉር ቶንዶስ ምቾት የማይነሳ በልስላሴ አንገትና አገጭ ስር ሙልጭ አድርጎ የሚላጭ ዋጋ፦ 2,300 ብር ዉስን ፍሬ ነው ያለን limited stock አድራሻ ቁ.1 መገናኛ ታሜ ጋስ ህንፃ ጎን ስሪ ኤም ሲቲ ሞል ሁለተኛ ፎቅ ቢሮ ቁ. SL05Aከ ሊፍቱ ፊት ለ ፊት ቁ.2 ለቡ መዳህኒዓለም ቤተክርስቲያን ፊት ለፊት ዛምሞል 2ኛ ፎቅ ቢሮ ቁጥር.214 0909522840 0923350054 ለቡ ቅርንጫፍ0973611819 በTelegram ለማዘዝ ይጠቀሙ @shageronlinestore ለተጨማሪ ማብራሪያ የቴሌግራም ገፃችን httpst.meShageronlinestore",2025-06-20T15:25:41+00:00,3750,media/Shageronlinestore_7399.jpg
Shageronlinestore,7395,"GROOMING SET ሶስት በአንድ የያዘ የፀጉር ማሽን እና ሼቨር የሚሰራ ጥራት ባለው ግብአት እና ዲዛየን የተሰራ የራስ ፀጉር እና ፂምን በስርአት እና በጥራት ለማስተካከል አስተማማኝ ማሽን በሚፈልጉት መጠን ለመቁረጥ መቀያየሪ ቁጥሮች ያሉት ጥቃቅን ለስላሳ ምላጮች እየተሽከረከሩ ምቾትን በተላበሰ መልኩ ፂምዎን ያስምሩሉዎታል እንደ ምላጭ ወይም የፀጉር ቶንዶስ ምቾት የማይነሳ በልስላሴ አንገትና አገጭ ስር ሙልጭ አድርጎ የሚላጭ ዋጋ፦ 2,300 ብር ዉስን ፍሬ ነው ያለን limited stock አድራሻ ቁ.1 መገናኛ ታሜ ጋስ ህንፃ ጎን ስሪ ኤም ሲቲ ሞል ሁለተኛ ፎቅ ቢሮ ቁ. SL05Aከ ሊፍቱ ፊት ለ ፊት ቁ.2 ለቡ መዳህኒዓለም ቤተክርስቲያን ፊት ለፊት ዛምሞል 2ኛ ፎቅ ቢሮ ቁጥር.214 0909522840 0923350054 ለቡ ቅርንጫፍ0973611819 በTelegram ለማዘዝ ይጠቀሙ @shageronlinestore ለተጨማሪ ማብራሪያ የቴሌግራም ገፃችን httpst.meShageronlinestore",2025-06-20T15:25:40+00:00,3406,media/Shageronlinestore_7395.jpg
Shageronlinestore,7393,"1L Water Bottle High Quality 1L water time scale reminder, outdoor sports and fitness ዋጋ800ብር ውስን ፍሬ ነው ያለን Limited Stock አድራሻ ቁ.1 መገናኛ ታሜ ጋስ ህንፃ ጎን ስሪ ኤም ሲቲ ሞል ሁለተኛ ፎቅ ቢሮ ቁ. SL05Aከ ሊፍቱ ፊት ለ ፊት ቁ.2 ለቡ መዳህኒዓለም ቤተክርስቲያን 100ሜ ወደ ሙዚቃ ቤት ከፍ ብሎ ዛምሞል 2ኛ ፎቅ ቢሮ.ቁ 214 0909522840 0923350054 ለቡ ቅርንጫፍ0973611819 በTelegram ለማዘዝ ይጠቀሙ @shageronlinestore ለተጨማሪ ማብራሪያ የቴሌግራም ገፃችን httpst.meShageronlinestore",2025-06-20T11:47:53+00:00,4107,media/Shageronlinestore_7393.jpg
Shageronlinestore,7391,Sonifer Steam Iron የልብስ መቶከሻ High Quality Ceramic Soleplate Temperature Control dial Powerful Burst Function variable Steam Control Spray and Steam Function Overheat Protection Transparent Water Level Window Flexible 360 Swivel Cord Voltage AC 220240V ዋጋ፦ 2900ብር ዉስን ፍሬ ነው ያለን limited stock አድራሻ ቁ.1 መገናኛ ታሜ ጋስ ህንፃ ጎን ስሪ ኤም ሲቲ ሞል ሁለተኛ ፎቅ ቢሮ ቁ. SL05Aከ ሊፍቱ ፊት ለ ፊት ቁ.2 ለቡ መዳህኒዓለም ቤተክርስቲያን 100ሜ ወደ ሙዚቃ ቤት ከፍ ብሎ ዛምሞል 2ኛ ፎቅ ቢሮ.ቁ 214 0909522840 0923350054 ለቡ ቅርንጫፍ0973611819 በTelegram ለማዘዝ ይጠቀሙ @shageronlinestore ለተጨማሪ ማብራሪያ የቴሌግራም ገፃችን httpst.meShageronlinestore,2025-06-20T09:03:23+00:00,4074,media/Shageronlinestore_7391.jpg
Shageronlinestore,7390,Sayona multifunctional juicer and extractor Best Quality ብርቱካን ካሮት አፕል አናናስ ጁስ ይሰራል ፋይበሩን ለብቻ ያስወግዴል የፍራፍሬ ጁስ ይሰራል ሽንኩርትና ስጋ ይፈጫል ቡናና ቅመማ ቅመም ይፈጫል። ዋጋ፦8500 ብር ውስን ፍሬ ነው ያለን Limited Stock አድራሻ ቁ.1 መገናኛ ታሜ ጋስ ህንፃ ጎን ስሪ ኤም ሲቲ ሞል ሁለተኛ ፎቅ ቢሮ ቁ. SL05Aከ ሊፍቱ ፊት ለ ፊት ቁ.2 ለቡ መዳህኒዓለም ቤተክርስቲያን ወደ ሙዚቃ ቤት ከፍ ብሎ ዛምሞል 2ኛ ፎቅ ቢሮ.ቁ 214 0909522840 0923350054 ለቡ ቅርንጫፍ0973611819 በTelegram ለማዘዝ ይጠቀሙ @shageronlinestore ለተጨማሪ ማብራሪያ የቴሌግራም ገፃችን httpst.meShageronlinestore,2025-06-20T06:48:11+00:00,4143,media/Shageronlinestore_7390.jpg
Shageronlinestore,7384,2in1 long handled bath brush ለአያያዝ ምቹ በቀላሉ የማንደርስበትን የጀርባ ክፍል ለማሸት ተመራጭ ለቆዳ ተስማሚ የሆነ ብሩሽ በሁለቱም በኩል የሚያሽ ዋጋ፦ 450 ብር አድራሻ ቁ.1 ስሪ ኤም ሲቲ ሞል ሁለተኛ ፎቅ ቢሮ ቁ. SL05Aከ ሊፍቱ ፊት ለ ፊት ቁ.2 ለቡ መዳህኒዓለም ቤተክርስቲያን 100ሜ ወደ ሙዚቃ ቤት ከፍ ብሎ ዛምሞል 2ኛ ፎቅ ቢሮ.ቁ 214 0909522840 0923350054 ለቡ ቅርንጫፍ0973611819 በTelegram ለማዘዝ ይጠቀሙ @shageronlinestore ለተጨማሪ ማብራሪያ የቴሌግራም ገፃችን httpst.meShageronlinestore,2025-06-19T12:31:30+00:00,4028,media/Shageronlinestore_7384.jpg
Shageronlinestore,7383,Miralux Hot plate ባለሁለት ምድጃ ስቶቭ orginal 2000 ዋት ፊውዝ የተገጠመለት ትልቅ ድስት መሸከም የሚችል አስተማማኝ ቴርሞስታት ባለ ፊውዝ ዋጋ፦ ትልቁ 2900ብር አድራሻ ቁ.1 መገናኛ ስሪ ኤም ሲቲ ሞል ሁለተኛ ፎቅ ቢሮ ቁ. SL05Aከ ሊፍቱ ፊት ለ ፊት ቁ.2 ለቡ መዳህኒዓለም ቤተክርስቲያን ፊት ለፊት ዛምሞል 2ኛ ፎቅ ቢሮ ቁጥር.214 ለቡ ቅርንጫፍ0973611819 0909522840 0923350054 በTelegram ለማዘዝ ይጠቀሙ @shageronlinestore ለተጨማሪ ማብራሪያ የቴሌግራም ገፃችን httpst.meShageronlinestore,2025-06-19T06:31:31+00:00,4830,media/Shageronlinestore_7383.jpg
Shageronlinestore,7382,"7pcs glass water set አንድ ማራኪ ጆግና 6 መጠጫ ብርጭቆዎች የፈሳሽ መጠጥ ማቅረቢያ ከፍተኛ ሙቀት የሚቋቋም ኳሊቲ ወፍራም ዋጋ፦ 3,400 ብር ውስን ፍሬ ነው የቀረው አድራሻ ቁ.1 መገናኛ ታሜ ጋስ ህንፃ ጎን ስሪ ኤም ሲቲ ሞል ሁለተኛ ፎቅ ቢሮ ቁ. SL05Aከ ሊፍቱ ፊት ለ ፊት ቁ.2 ለቡ መዳህኒዓለም ቤተክርስቲያን 100ሜ ወደ ሙዚቃ ቤት ከፍ ብሎ ዛምሞል 2ኛ ፎቅ ቢሮ.ቁ 214 0909522840 0923350054 ለቡ ቅርንጫፍ0973611819 በTelegram ለማዘዝ ይጠቀሙ @shageronlinestore ለተጨማሪ ማብራሪያ የቴሌግራም ገፃችን httpst.meShageronlinestore",2025-06-18T11:19:11+00:00,5008,media/Shageronlinestore_7382.jpg
Shageronlinestore,7377,Universal watersaving dishwasher head Increase water outlet pressure and rinse efficiently. 360 rotating head 100 functional !! ዋጋ፦ 400 ብር ውስን ፍሬ ነው ያለው አድራሻ ቁ.1 መገናኛ ታሜ ጋስ ህንፃ ጎን ስሪ ኤም ሲቲ ሞል ሁለተኛ ፎቅ ቢሮ ቁ. SL05Aከ ሊፍቱ ፊት ለ ፊት ቁ.2 ለቡ መዳህኒዓለም ቤተክርስቲያን ፊት ለፊት ዛምሞል 2ኛ ፎቅ ቢሮ ቁጥር.214 0909522840 0923350054 ለቡ ቅርንጫፍ0973611819 በTelegram ለማዘዝ ይጠቀሙ @shageronlinestore ለተጨማሪ ማብራሪያ የቴሌግራም ገፃችን httpst.meShageronlinestore,2025-06-18T07:12:03+00:00,4884,
Shageronlinestore,7376,"special base for refrigerator and washing machine Home moving furniture caster wheel heavy objects transporter small mover laborsaving moving wheels bed tool ከ45cm እስከ 70cm መለጠጥ የሚችል ዋጋ፦ 2,000 ብር ውስን ፍሬ ነው ያለው አድራሻ ቁ.1 መገናኛ ታሜ ጋስ ህንፃ ጎን ስሪ ኤም ሲቲ ሞል ሁለተኛ ፎቅ ቢሮ ቁ. SL05Aከ ሊፍቱ ፊት ለ ፊት ቁ.2 ለቡ መዳህኒዓለም ቤተክርስቲያን ፊት ለፊት ዛምሞል 2ኛ ፎቅ ቢሮ ቁጥር.214 0909522840 0923350054 ለቡ ቅርንጫፍ0973611819 በTelegram ለማዘዝ ይጠቀሙ @shageronlinestore ለተጨማሪ ማብራሪያ የቴሌግራም ገፃችን httpst.meShageronlinestore",2025-06-17T18:32:21+00:00,4688,
Shageronlinestore,7375,special base for refrigerator and washing machine Home moving furniture caster wheel heavy objects transporter small mover laborsaving moving wheels bed tool ዋጋ፦ 2000 ብር ውስን ፍሬ ነው ያለው አድራሻ ቁ.1 መገናኛ ታሜ ጋስ ህንፃ ጎን ስሪ ኤም ሲቲ ሞል ሁለተኛ ፎቅ ቢሮ ቁ. SL05Aከ ሊፍቱ ፊት ለ ፊት ቁ.2 ለቡ መዳህኒዓለም ቤተክርስቲያን ፊት ለፊት ዛምሞል 2ኛ ፎቅ ቢሮ ቁጥር.214 0909522840 0923350054 ለቡ ቅርንጫፍ0973611819 በTelegram ለማዘዝ ይጠቀሙ @shageronlinestore ለተጨማሪ ማብራሪያ የቴሌግራም ገፃችን httpst.meShageronlinestore,2025-06-17T18:32:20+00:00,4683,media/Shageronlinestore_7375.jpg
Shageronlinestore,7370,Vintage Mason Glass Drinking Jar with Straw የራሳቸው ስትሮ ያላቸው እጅግ ውብ የሆኑ የጁስ መጠጫ ብርጭቆወች 500ml ዋጋ፦ 550ብር ውስን ፍሬ ነው ያለው አድራሻ ቁ.1 መገናኛ ስሪ ኤም ሲቲ ሞል ሁለተኛ ፎቅ ቢሮ ቁ. SL05Aከ ሊፍቱ ፊት ለ ፊት ቁ.2 ለቡ መዳህኒዓለም ቤተክርስቲያን ፊት ለፊት ዛምሞል 2ኛ ፎቅ ቢሮ ቁጥር.214 ለቡ ቅርንጫፍ0973611819 0909522840 0923350054 በTelegram ለማዘዝ ይጠቀሙ @shageronlinestore ለተጨማሪ ማብራሪያ የቴሌግራም ገፃችን httpst.meShageronlinestore,2025-06-17T14:55:21+00:00,4477,media/Shageronlinestore_7370.jpg
Shageronlinestore,7369,"HOBBY LOBBY 3 in 1 Chopper and Garlic Peeler ስጋ እና ሽንኩርት በሰከንዶች ድቅቅ የሚያደርግ የነጭሽንኩርት የራሱ መላጫ ያለው Two 3liter jars One is metal and the other is thick glass. With 4 blades and 2 blades grinder Meat, gizzards, vegetables, onions, and garlic are ground into it. Dried and peeled garlic cloves with a peeler An additional switch with 4 blades 3press grinder ዋጋ 3900ብር ውስን ፍሬ ነው ያለን Limited Stock አድራሻ ቁ.1 መገናኛ ታሜ ጋስ ህንፃ ጎን ስሪ ኤም ሲቲ ሞል ሁለተኛ ፎቅ ቢሮ ቁ. SL05Aከ ሊፍቱ ፊት ለ ፊት ቁ.2 ለቡ መዳህኒዓለም ቤተክርስቲያን 100ሜ ወደ ሙዚቃ ቤት ከፍ ብሎ ዛምሞል 2ኛ ፎቅ ቢሮ.ቁ 214 0909522840 0923350054 ለቡ ቅርንጫፍ0973611819 በTelegram ለማዘዝ ይጠቀሙ @shageronlinestore ለተጨማሪ ማብራሪያ የቴሌግራም ገፃችን httpst.meShageronlinestore",2025-06-17T08:41:24+00:00,4862,
Shageronlinestore,7368,"HOBBY LOBBY 3 in 1 Chopper and Garlic Peeler ስጋ እና ሽንኩርት በሰከንዶች ድቅቅ የሚያደርግ የነጭሽንኩርት የራሱ መላጫ ያለው Two 3liter jars One is metal and the other is thick glass. With 4 blades and 2 blades grinder Meat, gizzards, vegetables, onions, and garlic are ground into it. Dried and peeled garlic cloves with a peeler An additional switch with 4 blades 3press grinder ዋጋ 3900ብር ውስን ፍሬ ነው ያለን Limited Stock አድራሻ ቁ.1 መገናኛ ታሜ ጋስ ህንፃ ጎን ስሪ ኤም ሲቲ ሞል ሁለተኛ ፎቅ ቢሮ ቁ. SL05Aከ ሊፍቱ ፊት ለ ፊት ቁ.2 ለቡ መዳህኒዓለም ቤተክርስቲያን 100ሜ ወደ ሙዚቃ ቤት ከፍ ብሎ ዛምሞል 2ኛ ፎቅ ቢሮ.ቁ 214 0909522840 0923350054 ለቡ ቅርንጫፍ0973611819 በTelegram ለማዘዝ ይጠቀሙ @shageronlinestore ለተጨማሪ ማብራሪያ የቴሌግራም ገፃችን httpst.meShageronlinestore",2025-06-17T08:41:24+00:00,4020,
Shageronlinestore,7366,"HOBBY LOBBY 3 in 1 Chopper and Garlic Peeler ስጋ እና ሽንኩርት በሰከንዶች ድቅቅ የሚያደርግ የነጭሽንኩርት የራሱ መላጫ ያለው Two 3liter jars One is metal and the other is thick glass. With 4 blades and 2 blades grinder Meat, gizzards, vegetables, onions, and garlic are ground into it. Dried and peeled garlic cloves with a peeler An additional switch with 4 blades 3press grinder ዋጋ 3900ብር ውስን ፍሬ ነው ያለን Limited Stock አድራሻ ቁ.1 መገናኛ ታሜ ጋስ ህንፃ ጎን ስሪ ኤም ሲቲ ሞል ሁለተኛ ፎቅ ቢሮ ቁ. SL05Aከ ሊፍቱ ፊት ለ ፊት ቁ.2 ለቡ መዳህኒዓለም ቤተክርስቲያን 100ሜ ወደ ሙዚቃ ቤት ከፍ ብሎ ዛምሞል 2ኛ ፎቅ ቢሮ.ቁ 214 0909522840 0923350054 ለቡ ቅርንጫፍ0973611819 በTelegram ለማዘዝ ይጠቀሙ @shageronlinestore ለተጨማሪ ማብራሪያ የቴሌግራም ገፃችን httpst.meShageronlinestore",2025-06-17T08:41:24+00:00,4075,media/Shageronlinestore_7366.jpg
Shageronlinestore,7360,አልቆልለተባላችሁበድጋሚአስገብተናል የመስታዎት ፓትራዎች glass bakewares Rectagular shape ገበታ ላይ መቅረብ የሚችሉ ውብ የመስታዎት ፓትራዎች ሶስት የተለያየ መጠን ያላቸው 3.1 ሊ ፣ 2.5 ሊ፣ 1.8ሊ ፓትራዎችን የያዘ ለላዛኛ ፣ ፓስታ ፍርኖ፣ ኬክ ተመራጭ ውብና ማራኪ ገበታ ላይ መቅረብ የሚችሉ ውፍራም ማንኛውንም ሙቀት የሚቋቋም ዋጋ፦ ሶስቱን በ 3800 ብር ውስን ፍሬ ነው ያለን Limited Stock አድራሻ ቁ.1 መገናኛ ታሜ ጋስ ህንፃ ጎን ስሪ ኤም ሲቲ ሞል ሁለተኛ ፎቅ ቢሮ ቁ. SL05Aከ ሊፍቱ ፊት ለ ፊት ቁ.2 ለቡ መዳህኒዓለም ቤተክርስቲያን 100ሜ ወደ ሙዚቃ ቤት ከፍ ብሎ ዛምሞል 2ኛ ፎቅ ቢሮ.ቁ 214 0909522840 0923350054 ለቡ ቅርንጫፍ0973611819 በTelegram ለማዘዝ ይጠቀሙ @shageronlinestore ለተጨማሪ ማብራሪያ የቴሌግራም ገፃችን httpst.meShageronlinestore,2025-06-17T07:27:32+00:00,4231,media/Shageronlinestore_7360.jpg
Shageronlinestore,7359,portable foldable mosquito net for kids በቀላሉ ይዞ ለመንቀሳቀስ አመቺ ልጆችዎን ከቢንቢ እና ከተለያዩ ነፍሳት የሚጠብቅ size100cm60cm ዋጋ1400ብር አድራሻ ቁ.1 መገናኛ ስሪ ኤም ሲቲ ሞል ሁለተኛ ፎቅ ቢሮ ቁ. SL05Aከ ሊፍቱ ፊት ለ ፊት ቁ.2 ለቡ መዳህኒዓለም ቤተክርስቲያን ፊት ለፊት ዛምሞል 2ኛ ፎቅ ቢሮ ቁጥር.214 ለቡ ቅርንጫፍ0971611819 0909522840 0923350054 በTelegram ለማዘዝ ይጠቀሙ @shageronlinestore ለተጨማሪ ማብራሪያ የቴሌግራም ገፃችን httpst.meShageronlinestore,2025-06-16T14:02:38+00:00,5051,
Shageronlinestore,7358,"3in1 delux multifunctional bassinet ከግራ ወደቀኝ እየተንቀሳቀሰ ልጆችን እሹሩሩ እያለ የሚያጫውት የሚያስተኛ የራሱ ሪሞት ያለው የራሱ ሙዚቃዎች ያሉት እንዲሁም በብሉቱዝ እና በፍላሽ የምንፈልገውን ሙዚቃ ማጫዎት እንችላለን በሶኬት እና በባትሪ ድንጋይ የሚሰራ ልጆች ከፍ ሲሉ እንደ ወንበር ያገለግላቸዋል ዋጋ፦ 14,000 ብር ውስን ፍሬ ነው ያለው አድራሻ ቁ.1 መገናኛ ታሜ ጋስ ህንፃ ጎን ስሪ ኤም ሲቲ ሞል ሁለተኛ ፎቅ ቢሮ ቁ. SL05Aከ ሊፍቱ ፊት ለ ፊት ቁ.2 ለቡ መዳህኒዓለም ቤተክርስቲያን 100ሜ ወደ ሙዚቃ ቤት ከፍ ብሎ ዛምሞል 2ኛ ፎቅ ቢሮ.ቁ 214 0909522840 0923350054 ለቡ ቅርንጫፍ0973611819 በTelegram ለማዘዝ ይጠቀሙ @shageronlinestore ለተጨማሪ ማብራሪያ የቴሌግራም ገፃችን httpst.meShageronlinestore",2025-06-16T11:46:38+00:00,4759,
Shageronlinestore,7357,"3in1 delux multifunctional bassinet ከግራ ወደቀኝ እየተንቀሳቀሰ ልጆችን እሹሩሩ እያለ የሚያጫውት የሚያስተኛ የራሱ ሪሞት ያለው የራሱ ሙዚቃዎች ያሉት እንዲሁም በብሉቱዝ እና በፍላሽ የምንፈልገውን ሙዚቃ ማጫዎት እንችላለን በሶኬት እና በባትሪ ድንጋይ የሚሰራ ልጆች ከፍ ሲሉ እንደ ወንበር ያገለግላቸዋል ዋጋ፦ 14,000 ብር ውስን ፍሬ ነው ያለው አድራሻ ቁ.1 መገናኛ ታሜ ጋስ ህንፃ ጎን ስሪ ኤም ሲቲ ሞል ሁለተኛ ፎቅ ቢሮ ቁ. SL05Aከ ሊፍቱ ፊት ለ ፊት ቁ.2 ለቡ መዳህኒዓለም ቤተክርስቲያን 100ሜ ወደ ሙዚቃ ቤት ከፍ ብሎ ዛምሞል 2ኛ ፎቅ ቢሮ.ቁ 214 0909522840 0923350054 ለቡ ቅርንጫፍ0973611819 በTelegram ለማዘዝ ይጠቀሙ @shageronlinestore ለተጨማሪ ማብራሪያ የቴሌግራም ገፃችን httpst.meShageronlinestore",2025-06-16T11:37:47+00:00,4475,media/Shageronlinestore_7357.jpg
Shageronlinestore,7348,Electric Hot plate በኤሌክትሪክ የሚሰራ የራሱ ሙቀት መቆጣጠሪያ ያለው 1400 watt ለማንቀሳቀስ የራሱ መያዣ ያለው ከጀበና እስከ ትልቅ ድስቶች የሚመች ዋጋ፦ 4500ብር ውስን ፍሬ ነው የቀረው አድራሻ ቁ.1 መገናኛ ታሜ ጋስ ህንፃ ጎን ስሪ ኤም ሲቲ ሞል ሁለተኛ ፎቅ ቢሮ ቁ. SL05Aከ ሊፍቱ ፊት ለ ፊት ቁ.2 ለቡ መዳህኒዓለም ቤተክርስቲያን 100ሜ ወደ ሙዚቃ ቤት ከፍ ብሎ ዛምሞል 2ኛ ፎቅ ቢሮ.ቁ 214 0909522840 0923350054 ለቡ ቅርንጫፍ0973611819 በTelegram ለማዘዝ ይጠቀሙ @shageronlinestore ለተጨማሪ ማብራሪያ የቴሌግራም ገፃችን httpst.meShageronlinestore,2025-06-16T06:35:55+00:00,4894,media/Shageronlinestore_7348.jpg
Shageronlinestore,7343,Portable Folding Stool ተጣጣፊ ወንበር እስከ 100kg ክብደት የሚሸከም ከወፍራም ፕላስቲክ የተሰራ ቤተ ዕምነት ውስጥ፣ ቤት ውስጥ ፣ ስራ ቦታ እና መዝናኛ ቦታ ይገለገሉበታል 48cm ቁመት ሲኖረው መቀመጫው 22cm28cm ስፋት ያለው ለመያዝና ለማስቀመጥ የሚመች ቅልጥፋ ያለ ዋጋትልቁ1700 ብር ትንሹ1500ብር ውስን ፍሬ ነው ያለው አድራሻ ቁ.1 መገናኛ ታሜ ጋስ ህንፃ ጎን ስሪ ኤም ሲቲ ሞል ሁለተኛ ፎቅ ቢሮ ቁ. SL05Aከ ሊፍቱ ፊት ለ ፊት ቁ.2 ለቡ መዳህኒዓለም ቤተክርስቲያን 100ሜ ወደ ሙዚቃ ቤት ከፍ ብሎ ዛምሞል 2ኛ ፎቅ ቢሮ.ቁ 214 0909522840 0923350054 ለቡ ቅርንጫፍ0973611819 በTelegram ለማዘዝ ይጠቀሙ @shageronlinestore ለተጨማሪ ማብራሪያ የቴሌግራም ገፃችን httpst.meShageronlinestore,2025-06-14T10:19:19+00:00,5099,media/Shageronlinestore_7343.jpg
Shageronlinestore,7342,"Multifunction Juice Extractor ለአፕል ብርቱካን፣ ካሮት፣ አናናስ፣ ቲማቲም የመሳሰሉትን እየጨመቀ ቆሻሻውን ፡ ለብቻ፡ እያጣራ፡ ውሃውን እየጨመቀ፡ ወደራሱ ጆክ የሚቀዳ፤ የፍራፍሬ፤ ዋጋ፦ 5,500 ብር ውስን ፍሬ ነው የቀረው አድራሻ ቁ.1 መገናኛ ታሜ ጋስ ህንፃ ጎን ስሪ ኤም ሲቲ ሞል ሁለተኛ ፎቅ ቢሮ ቁ. SL05Aከ ሊፍቱ ፊት ለ ፊት ቁ.2 ለቡ መዳህኒዓለም ቤተክርስቲያን 100ሜ ወደ ሙዚቃ ቤት ከፍ ብሎ ዛምሞል 2ኛ ፎቅ ቢሮ.ቁ 214 0909522840 0923350054 ለቡ ቅርንጫፍ0973611819 በTelegram ለማዘዝ ይጠቀሙ @shageronlinestore ለተጨማሪ ማብራሪያ የቴሌግራም ገፃችን httpst.meShageronlinestore",2025-06-14T06:32:45+00:00,5081,
Shageronlinestore,7339,"Multifunction Juice Extractor ለአፕል ብርቱካን፣ ካሮት፣ አናናስ፣ ቲማቲም የመሳሰሉትን እየጨመቀ ቆሻሻውን ፡ ለብቻ፡ እያጣራ፡ ውሃውን እየጨመቀ፡ ወደራሱ ጆክ የሚቀዳ፤ የፍራፍሬ፤ ዋጋ፦ 5,500 ብር ውስን ፍሬ ነው የቀረው አድራሻ ቁ.1 መገናኛ ታሜ ጋስ ህንፃ ጎን ስሪ ኤም ሲቲ ሞል ሁለተኛ ፎቅ ቢሮ ቁ. SL05Aከ ሊፍቱ ፊት ለ ፊት ቁ.2 ለቡ መዳህኒዓለም ቤተክርስቲያን 100ሜ ወደ ሙዚቃ ቤት ከፍ ብሎ ዛምሞል 2ኛ ፎቅ ቢሮ.ቁ 214 0909522840 0923350054 ለቡ ቅርንጫፍ0973611819 በTelegram ለማዘዝ ይጠቀሙ @shageronlinestore ለተጨማሪ ማብራሪያ የቴሌግራም ገፃችን httpst.meShageronlinestore",2025-06-14T06:32:45+00:00,4341,media/Shageronlinestore_7339.jpg
Shageronlinestore,7336,"1pc stainless steel loaf pan ትልቁ ዋጋትልቁ1,000ብር ውስን ፍሬ ነው ያለው አድራሻ ቁ.1 ስሪ ኤም ሲቲ ሞል ሁለተኛ ፎቅ ቢሮ ቁ. SL05Aከ ሊፍቱ ፊት ለ ፊት ቁ.2 ለቡ መዳህኒዓለም ቤተክርስቲያን ፊት ለፊት ዛምሞል 2ኛ ፎቅ ቢሮ ቁጥር.214 ለቡ ቅርንጫፍ0973611819 0909522840 0923350054 በTelegram ለማዘዝ ይጠቀሙ @shageronlinestore ለተጨማሪ ማብራሪያ የቴሌግራም ገፃችን httpst.meShageronlinestore",2025-06-13T16:23:26+00:00,5232,media/Shageronlinestore_7336.jpg
Shageronlinestore,7332,"Infantino Cuddle Up Ergonomic Baby Carrier Carries children from 1240lbs 5.4 18.1 kgs Comfortable, ergonomic seat for baby 2 ways to carry Front and Backpack Removable canopy hood with adorable teddy bear styling Machine washable ዋጋ፦ 3,200 ብር አድራሻ ቁ.1 መገናኛ ታሜ ጋስ ህንፃ ጎን ስሪ ኤም ሲቲ ሞል ሁለተኛ ፎቅ ቢሮ ቁ. SL05Aከ ሊፍቱ ፊት ለ ፊት ቁ.2 ለቡ መዳህኒዓለም ቤተክርስቲያን ፊት ለፊት ዛምሞል 2ኛ ፎቅ ቢሮ ቁጥር.214 0909522840 0923350054 ለቡ ቅርንጫፍ0973611819 በTelegram ለማዘዝ ይጠቀሙ @shageronlinestore ለተጨማሪ ማብራሪያ የቴሌግራም ገፃችን httpst.meShageronlinestore",2025-06-13T11:27:57+00:00,5502,media/Shageronlinestore_7332.jpg
Shageronlinestore,7329,Expanding Cookware Organiser minimum size 30.5cm Maximum size 56cm ዋጋ፦ 850 ብር ውስን ፍሬ ነው ያለው አድራሻ መገናኛ ስሪ ኤም ሲቲ ሞል ሁለተኛ ፎቅ ቢሮ ቁ. SL05Aከ ሊፍቱ ፊት ለ ፊት ቁ.2 ለቡ መዳህኒዓለም ቤተክርስቲያን 100ሜ ወደ ሙዚቃ ቤት ከፍ ብሎ ዛምሞል 2ኛ ፎቅ ቢሮ.ቁ 214 0909522840 0923350054 ለቡ ቅርንጫፍ0973611819 በTelegram ለማዘዝ ይጠቀሙ @shageronlinestore ለተጨማሪ ማብራሪያ የቴሌግራም ገፃችን httpst.meShageronlinestore,2025-06-13T06:21:44+00:00,5179,media/Shageronlinestore_7329.jpg
Shageronlinestore,7328,Garlic press Chopper Kitchen ginger garlic press.Quick grinding.Saving you time. Manual extrusion and grinding. Stainless steel material.Food grade safety material.Durable and easy to clean. Curved plastic handle.Comfortable to use. ዋጋ፦ 350 ብር ውስን ፍሬ ነው ያለን Limited Stock ዉስን ፍሬ ነው ያለን አድራሻ ቁ.1 መገናኛ ታሜ ጋስ ህንፃ ጎን ስሪ ኤም ሲቲ ሞል ሁለተኛ ፎቅ ቢሮ ቁ. SL05Aከ ሊፍቱ ፊት ለ ፊት ቁ.2 ለቡ መዳህኒዓለም ቤተክርስቲያን 100ሜ ወደ ሙዚቃ ቤት ከፍ ብሎ ዛምሞል 2ኛ ፎቅ ቢሮ.ቁ 214 0909522840 0923350054 ለቡ ቅርንጫፍ0973611819 በTelegram ለማዘዝ ይጠቀሙ @shageronlinestore ለተጨማሪ ማብራሪያ የቴሌግራም ገፃችን httpst.meShageronlinestore,2025-06-12T16:28:32+00:00,5985,
Shageronlinestore,7323,"36 pairs over the door shoe rack በቀላሉ የሚገጣጠም የሚነቃቀል ኑሮን የሚያቀል ቦታ የማይዝ ለአጠቃቀም በጣም ቀላል ባለ 12 መደርደሪያ 36 ጫማ የሚይዝ በር ላይ ተንጠልጣይ Size 5020183cm ዋጋ3,100 ብር ውስን ፍሬ ነው ያለን Limited Stock አድራሻ ቁ.1 መገናኛ ታሜ ጋስ ህንፃ ጎን ስሪ ኤም ሲቲ ሞል ሁለተኛ ፎቅ ቢሮ ቁ. SL05Aከ ሊፍቱ ፊት ለ ፊት ቁ.2 ለቡ መዳህኒዓለም ቤተክርስቲያን 100ሜ ወደ ሙዚቃ ቤት ከፍ ብሎ ዛምሞል 2ኛ ፎቅ ቢሮ.ቁ 214 0909522840 0923350054 ለቡ ቅርንጫፍ0973611819 በTelegram ለማዘዝ ይጠቀሙ @shageronlinestore ለተጨማሪ ማብራሪያ የቴሌግራም ገፃችን httpst.meShageronlinestore",2025-06-12T10:24:36+00:00,5305,media/Shageronlinestore_7323.jpg
Shageronlinestore,7322,"36 pairs over the door shoe rack በቀላሉ የሚገጣጠም የሚነቃቀል ኑሮን የሚያቀል ቦታ የማይዝ ለአጠቃቀም በጣም ቀላል ባለ 12 መደርደሪያ 36 ጫማ የሚይዝ በር ላይ ተንጠልጣይ Size 5020183cm ዋጋ3,100 ብር ውስን ፍሬ ነው ያለን Limited Stock አድራሻ ቁ.1 መገናኛ ታሜ ጋስ ህንፃ ጎን ስሪ ኤም ሲቲ ሞል ሁለተኛ ፎቅ ቢሮ ቁ. SL05Aከ ሊፍቱ ፊት ለ ፊት ቁ.2 ለቡ መዳህኒዓለም ቤተክርስቲያን 100ሜ ወደ ሙዚቃ ቤት ከፍ ብሎ ዛምሞል 2ኛ ፎቅ ቢሮ.ቁ 214 0909522840 0923350054 ለቡ ቅርንጫፍ0973611819 በTelegram ለማዘዝ ይጠቀሙ @shageronlinestore ለተጨማሪ ማብራሪያ የቴሌግራም ገፃችን httpst.meShageronlinestore",2025-06-12T10:24:35+00:00,5125,
Shageronlinestore,7321,"Rechargeable Breast Pump BPA Free portable ዋጋ፦ 2,100 ብር አድራሻ ቁ.1 መገናኛ ታሜ ጋስ ህንፃ ጎን ስሪ ኤም ሲቲ ሞል ሁለተኛ ፎቅ ቢሮ ቁ. SL05Aከ ሊፍቱ ፊት ለ ፊት ቁ.2 ለቡ መዳህኒዓለም ቤተክርስቲያን ፊት ለፊት ዛምሞል 2ኛ ፎቅ ቢሮ ቁጥር.214 0909522840 0923350054 ለቡ ቅርንጫፍ0973611819 በTelegram ለማዘዝ ይጠቀሙ @shageronlinestore ለተጨማሪ ማብራሪያ የቴሌግራም ገፃችን httpst.meShageronlinestore",2025-06-12T08:36:47+00:00,5055,
aradabrand2,12657,"High Standard Clothing Made in Turkey Master Quality Only in our Shop Price 2,500birr Size 31,32,32,34,35,36 FREE DELIVERYያሉበት ቦታ ያለተጨማሪ ክፍያ እናደርሳለን ለሱቅና ብዛት ተረካቢዎች ባስተያየት 0977808897 @Natyboy አድራሻችን ቄራ ሶፊያ ሞል ሁለተኛ ፎቅ ሱ.ቁ 216",2025-05-29T05:30:50+00:00,1530,media/aradabrand2_12657.jpg
aradabrand2,12649,"New Custom Made in Vietnam Master Quality Only in our Shop Price 3,500birr Size40,41,42,43 FREE DELIVERYያሉበት ቦታ ያለተጨማሪ ክፍያ እናደርሳለን ለሱቅና ብዛት ተረካቢዎች ባስተያየት 0977808897 @Natyboy አድራሻችን ቄራ ሶፊያ ሞል ሁለተኛ ፎቅ ሱ.ቁ 216",2025-05-29T05:30:50+00:00,1108,media/aradabrand2_12649.jpg
aradabrand2,12648,"POLO Made in Vietnam Master Quality Only in our Shop Price 4,200birr Size40,41,42,43 FREE DELIVERYያሉበት ቦታ ያለተጨማሪ ክፍያ እናደርሳለን ለሱቅና ብዛት ተረካቢዎች ባስተያየት 0977808897 @Natyboy አድራሻችን ቄራ ሶፊያ ሞል ሁለተኛ ፎቅ ሱ.ቁ 216",2025-05-29T05:30:50+00:00,1225,media/aradabrand2_12648.jpg
aradabrand2,12646,"Star wP Made in Vietnam Master Quality Only in our Shop Price 3,500birr Size40,41,42,43 FREE DELIVERYያሉበት ቦታ ያለተጨማሪ ክፍያ እናደርሳለን ለሱቅና ብዛት ተረካቢዎች ባስተያየት 0977808897 @Natyboy አድራሻችን ቄራ ሶፊያ ሞል ሁለተኛ ፎቅ ሱ.ቁ 216",2025-05-29T05:30:50+00:00,1238,media/aradabrand2_12646.jpg
aradabrand2,12643,"High Standard Clothing Made in Turkey Master Quality Only in our Shop Price 2,500birr Size 31,32,32,34,35,36 FREE DELIVERYያሉበት ቦታ ያለተጨማሪ ክፍያ እናደርሳለን ለሱቅና ብዛት ተረካቢዎች ባስተያየት 0977808897 @Natyboy አድራሻችን ቄራ ሶፊያ ሞል ሁለተኛ ፎቅ ሱ.ቁ 216",2024-08-04T08:59:56+00:00,6412,media/aradabrand2_12643.jpg
aradabrand2,12635,"New Custom Made in Vietnam Master Quality Only in our Shop Price 3,500birr Size40,41,42,43 FREE DELIVERYያሉበት ቦታ ያለተጨማሪ ክፍያ እናደርሳለን ለሱቅና ብዛት ተረካቢዎች ባስተያየት 0977808897 @Natyboy አድራሻችን ቄራ ሶፊያ ሞል ሁለተኛ ፎቅ ሱ.ቁ 216",2024-08-04T08:57:06+00:00,4348,media/aradabrand2_12635.jpg
aradabrand2,12634,"POLO Made in Vietnam Master Quality Only in our Shop Price 4,200birr Size40,41,42,43 FREE DELIVERYያሉበት ቦታ ያለተጨማሪ ክፍያ እናደርሳለን ለሱቅና ብዛት ተረካቢዎች ባስተያየት 0977808897 @Natyboy አድራሻችን ቄራ ሶፊያ ሞል ሁለተኛ ፎቅ ሱ.ቁ 216",2024-08-04T08:56:32+00:00,4047,media/aradabrand2_12634.jpg
aradabrand2,12632,"Star wP Made in Vietnam Master Quality Only in our Shop Price 3,500birr Size40,41,42,43 FREE DELIVERYያሉበት ቦታ ያለተጨማሪ ክፍያ እናደርሳለን ለሱቅና ብዛት ተረካቢዎች ባስተያየት 0977808897 @Natyboy አድራሻችን ቄራ ሶፊያ ሞል ሁለተኛ ፎቅ ሱ.ቁ 216",2024-08-04T08:55:33+00:00,3260,media/aradabrand2_12632.jpg
aradabrand2,12629,"ADIDAS Made in Vietnam Master Quality Only in our Shop Price 4,500birr Size36,37,38,39 FREE DELIVERYያሉበት ቦታ ያለተጨማሪ ክፍያ እናደርሳለን ለሱቅና ብዛት ተረካቢዎች ባስተያየት 0977808897 @Natyboy አድራሻችን ቄራ ሶፊያ ሞል ሁለተኛ ፎቅ ሱ.ቁ 216",2024-08-04T08:54:28+00:00,2994,media/aradabrand2_12629.jpg
aradabrand2,12627,"STOK GRN Made in Vietnam Master Quality Only in our Shop Price 3,200birr Size40,41,42,43 FREE DELIVERYያሉበት ቦታ ያለተጨማሪ ክፍያ እናደርሳለን ለሱቅና ብዛት ተረካቢዎች ባስተያየት 0977808897 @Natyboy አድራሻችን ቄራ ሶፊያ ሞል ሁለተኛ ፎቅ ሱ.ቁ 216",2024-08-04T08:54:00+00:00,2807,media/aradabrand2_12627.jpg
aradabrand2,12625,"BRAND NEW Made in Vietnam Master Quality Only in our Shop Price 4,200birr Size40,41,42,43 FREE DELIVERYያሉበት ቦታ ያለተጨማሪ ክፍያ እናደርሳለን ለሱቅና ብዛት ተረካቢዎች ባስተያየት 0977808897 @Natyboy አድራሻችን ቄራ ሶፊያ ሞል ሁለተኛ ፎቅ ሱ.ቁ 216",2024-08-04T08:53:27+00:00,2928,media/aradabrand2_12625.jpg
aradabrand2,12624,"PURE LEATHER Made in Vietnam Master Quality Only in our Shop Price 4,200birr Size40,41,42,43 FREE DELIVERYያሉበት ቦታ ያለተጨማሪ ክፍያ እናደርሳለን ለሱቅና ብዛት ተረካቢዎች ባስተያየት 0977808897 @Natyboy አድራሻችን ቄራ ሶፊያ ሞል ሁለተኛ ፎቅ ሱ.ቁ 216",2024-08-04T08:52:19+00:00,2500,media/aradabrand2_12624.jpg
aradabrand2,12623,"BRAND NEW Made in Vietnam Master Quality Only in our Shop Price 3,700birr Size40,41,42,43 FREE DELIVERYያሉበት ቦታ ያለተጨማሪ ክፍያ እናደርሳለን ለሱቅና ብዛት ተረካቢዎች ባስተያየት 0977808897 @Natyboy አድራሻችን ቄራ ሶፊያ ሞል ሁለተኛ ፎቅ ሱ.ቁ 216",2024-08-04T08:51:52+00:00,2348,media/aradabrand2_12623.jpg
aradabrand2,12621,"New costom Made in Vietnam Master Quality Only in our Shop Price 3,500birr Size40,41,42,43 FREE DELIVERYያሉበት ቦታ ያለተጨማሪ ክፍያ እናደርሳለን ለሱቅና ብዛት ተረካቢዎች ባስተያየት 0977808897 @Natyboy አድራሻችን ቄራ ሶፊያ ሞል ሁለተኛ ፎቅ ሱ.ቁ 216",2024-08-04T08:51:25+00:00,2299,media/aradabrand2_12621.jpg
aradabrand2,12620,"BRAND NEW CLASSIC Made in Vietnam Master Quality Only in our Shop Price 4,200birr Size40,41,42,43 FREE DELIVERYያሉበት ቦታ ያለተጨማሪ ክፍያ እናደርሳለን ለሱቅና ብዛት ተረካቢዎች ባስተያየት 0977808897 @Natyboy አድራሻችን ቄራ ሶፊያ ሞል ሁለተኛ ፎቅ ሱ.ቁ 216",2024-08-04T08:51:01+00:00,2362,media/aradabrand2_12620.jpg
aradabrand2,12618,"star WP low Made in Vietnam Master Quality Only in our Shop Price 3,500birr Size40,41,42,43 FREE DELIVERYያሉበት ቦታ ያለተጨማሪ ክፍያ እናደርሳለን ለሱቅና ብዛት ተረካቢዎች ባስተያየት 0977808897 @Natyboy አድራሻችን ቄራ ሶፊያ ሞል ሁለተኛ ፎቅ ሱ.ቁ 216",2024-08-04T08:50:41+00:00,2110,media/aradabrand2_12618.jpg
aradabrand2,12617,"Leather comfort Made in Vietnam Master Quality Only in our Shop Price 3,800birr Size40,41,42,43 FREE DELIVERYያሉበት ቦታ ያለተጨማሪ ክፍያ እናደርሳለን ለሱቅና ብዛት ተረካቢዎች ባስተያየት 0977808897 @Natyboy አድራሻችን ቄራ ሶፊያ ሞል ሁለተኛ ፎቅ ሱ.ቁ 216",2024-08-04T08:50:14+00:00,2076,media/aradabrand2_12617.jpg
aradabrand2,12616,"pure leather Made in Vietnam Master Quality Only in our Shop Price 4,200birr Size40,41,42,43 FREE DELIVERYያሉበት ቦታ ያለተጨማሪ ክፍያ እናደርሳለን ለሱቅና ብዛት ተረካቢዎች ባስተያየት 0977808897 @Natyboy አድራሻችን ቄራ ሶፊያ ሞል ሁለተኛ ፎቅ ሱ.ቁ 216",2024-08-04T08:49:43+00:00,2345,media/aradabrand2_12616.jpg
aradabrand2,12615,"BRAND NEW Made in Vietnam Master Quality Only in our Shop Price 3,600birr Size40,41,42,43 FREE DELIVERYያሉበት ቦታ ያለተጨማሪ ክፍያ እናደርሳለን ለሱቅና ብዛት ተረካቢዎች ባስተያየት 0977808897 @Natyboy አድራሻችን ቄራ ሶፊያ ሞል ሁለተኛ ፎቅ ሱ.ቁ 216",2024-08-04T08:49:16+00:00,3041,media/aradabrand2_12615.jpg
aradabrand2,12614,"NEW BALANCE Made in Vietnam Master Quality Only in our Shop Price 3,600birr Size40,41,42,43 FREE DELIVERYያሉበት ቦታ ያለተጨማሪ ክፍያ እናደርሳለን ለሱቅና ብዛት ተረካቢዎች ባስተያየት 0977808897 @Natyboy አድራሻችን ቄራ ሶፊያ ሞል ሁለተኛ ፎቅ ሱ.ቁ 216",2024-08-04T08:48:47+00:00,2548,media/aradabrand2_12614.jpg
aradabrand2,12613,"CHEKICH Made in TURKEY Master Quality Only in our Shop Price 5,500birr Size40,41,42,43 FREE DELIVERYያሉበት ቦታ ያለተጨማሪ ክፍያ እናደርሳለን ለሱቅና ብዛት ተረካቢዎች ባስተያየት 0977808897 @Natyboy አድራሻችን ቄራ ሶፊያ ሞል ሁለተኛ ፎቅ ሱ.ቁ 216",2024-07-11T12:21:03+00:00,4438,media/aradabrand2_12613.jpg
aradabrand2,12612,"CHEKICH Made in TURKEY Master Quality Only in our Shop Price 5,500birr Size40,41,42,43 FREE DELIVERYያሉበት ቦታ ያለተጨማሪ ክፍያ እናደርሳለን ለሱቅና ብዛት ተረካቢዎች ባስተያየት 0977808897 @Natyboy አድራሻችን ቄራ ሶፊያ ሞል ሁለተኛ ፎቅ ሱ.ቁ 216",2024-07-11T12:21:00+00:00,3480,media/aradabrand2_12612.jpg
aradabrand2,12611,"CHEKICH Made in TURKEY Master Quality Only in our Shop Price 5,500birr Size40,41,42,43 FREE DELIVERYያሉበት ቦታ ያለተጨማሪ ክፍያ እናደርሳለን ለሱቅና ብዛት ተረካቢዎች ባስተያየት 0977808897 @Natyboy አድራሻችን ቄራ ሶፊያ ሞል ሁለተኛ ፎቅ ሱ.ቁ 216",2024-07-11T12:20:51+00:00,3029,media/aradabrand2_12611.jpg
aradabrand2,12610,"CHEKICH Made in TURKEY Master Quality Only in our Shop Price 5,500birr Size40,41,42,43 FREE DELIVERYያሉበት ቦታ ያለተጨማሪ ክፍያ እናደርሳለን ለሱቅና ብዛት ተረካቢዎች ባስተያየት 0977808897 @Natyboy አድራሻችን ቄራ ሶፊያ ሞል ሁለተኛ ፎቅ ሱ.ቁ 216",2024-07-11T12:20:31+00:00,2654,media/aradabrand2_12610.jpg
aradabrand2,12609,"CHEKICH Made in TURKEY Master Quality Only in our Shop Price 5,500birr Size40,41,42,43 FREE DELIVERYያሉበት ቦታ ያለተጨማሪ ክፍያ እናደርሳለን ለሱቅና ብዛት ተረካቢዎች ባስተያየት 0977808897 @Natyboy አድራሻችን ቄራ ሶፊያ ሞል ሁለተኛ ፎቅ ሱ.ቁ 216",2024-07-11T12:20:24+00:00,2670,media/aradabrand2_12609.jpg
aradabrand2,12601,"High Standard Clothing Made in Turkey Master Quality Only in our Shop Price 2,500birr Size 30,31,32,33,34,35,36 FREE DELIVERYያሉበት ቦታ ያለተጨማሪ ክፍያ እናደርሳለን ለሱቅና ብዛት ተረካቢዎች ባስተያየት 0977808897 @Natyboy አድራሻችን ቄራ ሶፊያ ሞል ሁለተኛ ፎቅ ሱ.ቁ 216",2024-07-09T09:27:55+00:00,2841,media/aradabrand2_12601.jpg
aradabrand2,12598,"High Standard Clothing Made in Turkey Master Quality Only in our Shop Price 2,500birr Size 31,32,32,34,35,36 FREE DELIVERYያሉበት ቦታ ያለተጨማሪ ክፍያ እናደርሳለን ለሱቅና ብዛት ተረካቢዎች ባስተያየት 0977808897 @Natyboy አድራሻችን ቄራ ሶፊያ ሞል ሁለተኛ ፎቅ ሱ.ቁ 216",2024-07-09T09:26:41+00:00,2655,media/aradabrand2_12598.jpg
aradabrand2,12592,"High Standard Clothing Made in Turkey Master Quality Only in our Shop Price 2,500birr Size30,31,32,33,34, FREE DELIVERYያሉበት ቦታ ያለተጨማሪ ክፍያ እናደርሳለን ለሱቅና ብዛት ተረካቢዎች ባስተያየት 0977808897 @Natyboy አድራሻችን ቄራ ሶፊያ ሞል ሁለተኛ ፎቅ ሱ.ቁ 216",2024-07-09T09:26:06+00:00,2351,media/aradabrand2_12592.jpg
aradabrand2,12586,"High Standard Clothing Made in Turkey Master Quality Only in our Shop Price 1,400birr SizeS,N,L,XL,2XL FREE DELIVERYያሉበት ቦታ ያለተጨማሪ ክፍያ እናደርሳለን ለሱቅና ብዛት ተረካቢዎች ባስተያየት 0977808897 @Natyboy አድራሻችን ቄራ ሶፊያ ሞል ሁለተኛ ፎቅ ሱ.ቁ 216",2024-07-09T09:24:42+00:00,2165,media/aradabrand2_12586.jpg
aradabrand2,12582,"High Standard Clothing Made in Turkey Master Quality Only in our Shop Price 2,500birr SizeS,M,L,XL,2XL FREE DELIVERYያሉበት ቦታ ያለተጨማሪ ክፍያ እናደርሳለን ለሱቅና ብዛት ተረካቢዎች ባስተያየት 0977808897 @Natyboy አድራሻችን ቄራ ሶፊያ ሞል ሁለተኛ ፎቅ ሱ.ቁ 216",2024-07-09T09:23:50+00:00,2323,media/aradabrand2_12582.jpg
aradabrand2,12575,"NEW BALANCE Made in Vietnam Master Quality Only in our Shop Price 3,600birr Size40,41,42,43 FREE DELIVERYያሉበት ቦታ ያለተጨማሪ ክፍያ እናደርሳለን ለሱቅና ብዛት ተረካቢዎች ባስተያየት 0977808897 @Natyboy አድራሻችን ቄራ ሶፊያ ሞል ሁለተኛ ፎቅ ሱ.ቁ 216",2024-07-08T10:12:57+00:00,2544,media/aradabrand2_12575.jpg
aradabrand2,12574,"BRAND NEW Made in Vietnam Master Quality Only in our Shop Price 3,600birr Size40,41,42,43 FREE DELIVERYያሉበት ቦታ ያለተጨማሪ ክፍያ እናደርሳለን ለሱቅና ብዛት ተረካቢዎች ባስተያየት 0977808897 @Natyboy አድራሻችን ቄራ ሶፊያ ሞል ሁለተኛ ፎቅ ሱ.ቁ 216",2024-07-08T10:12:06+00:00,2397,media/aradabrand2_12574.jpg
aradabrand2,12573,"BRAND NEW CLASSIC Made in Vietnam Master Quality Only in our Shop Price 4,200birr Size40,41,42,43 FREE DELIVERYያሉበት ቦታ ያለተጨማሪ ክፍያ እናደርሳለን ለሱቅና ብዛት ተረካቢዎች ባስተያየት 0977808897 @Natyboy አድራሻችን ቄራ ሶፊያ ሞል ሁለተኛ ፎቅ ሱ.ቁ 216",2024-07-08T10:11:34+00:00,2066,media/aradabrand2_12573.jpg
aradabrand2,12572,"PURE LEATHER Made in Vietnam Master Quality Only in our Shop Price 4,200birr Size40,41,42,43 FREE DELIVERYያሉበት ቦታ ያለተጨማሪ ክፍያ እናደርሳለን ለሱቅና ብዛት ተረካቢዎች ባስተያየት 0977808897 @Natyboy አድራሻችን ቄራ ሶፊያ ሞል ሁለተኛ ፎቅ ሱ.ቁ 216",2024-07-08T10:10:47+00:00,1878,media/aradabrand2_12572.jpg
aradabrand2,12571,"BRAND NEW Made in Vietnam Master Quality Only in our Shop Price 3,700birr Size40,41,42,43 FREE DELIVERYያሉበት ቦታ ያለተጨማሪ ክፍያ እናደርሳለን ለሱቅና ብዛት ተረካቢዎች ባስተያየት 0977808897 @Natyboy አድራሻችን ቄራ ሶፊያ ሞል ሁለተኛ ፎቅ ሱ.ቁ 216",2024-07-08T10:10:18+00:00,1805,media/aradabrand2_12571.jpg
aradabrand2,12570,"BRAND NEW Made in Vietnam Master Quality Only in our Shop Price 4,200birr Size40,41,42,43 FREE DELIVERYያሉበት ቦታ ያለተጨማሪ ክፍያ እናደርሳለን ለሱቅና ብዛት ተረካቢዎች ባስተያየት 0977808897 @Natyboy አድራሻችን ቄራ ሶፊያ ሞል ሁለተኛ ፎቅ ሱ.ቁ 216",2024-07-08T10:09:22+00:00,1806,media/aradabrand2_12570.jpg
aradabrand2,12568,"BRAND NEW Made in Vietnam Master Quality Only in our Shop Price 4,200birr Size40,41,42,43 FREE DELIVERYያሉበት ቦታ ያለተጨማሪ ክፍያ እናደርሳለን ለሱቅና ብዛት ተረካቢዎች ባስተያየት 0977808897 @Natyboy አድራሻችን ቄራ ሶፊያ ሞል ሁለተኛ ፎቅ ሱ.ቁ 216",2024-07-08T10:07:53+00:00,2130,media/aradabrand2_12568.jpg
aradabrand2,12566,"STOK GRN Made in Vietnam Master Quality Only in our Shop Price 3,200birr Size40,41,42,43 FREE DELIVERYያሉበት ቦታ ያለተጨማሪ ክፍያ እናደርሳለን ለሱቅና ብዛት ተረካቢዎች ባስተያየት 0977808897 @Natyboy አድራሻችን ቄራ ሶፊያ ሞል ሁለተኛ ፎቅ ሱ.ቁ 216",2024-07-08T10:06:12+00:00,1921,media/aradabrand2_12566.jpg
aradabrand2,12563,"POLO Made in Vietnam Master Quality Only in our Shop Price 4,200birr Size40,41,42,43 FREE DELIVERYያሉበት ቦታ ያለተጨማሪ ክፍያ እናደርሳለን ለሱቅና ብዛት ተረካቢዎች ባስተያየት 0977808897 @Natyboy አድራሻችን ቄራ ሶፊያ ሞል ሁለተኛ ፎቅ ሱ.ቁ 216",2024-07-08T09:20:15+00:00,1991,media/aradabrand2_12563.jpg
aradabrand2,12561,"New Custom Made in Vietnam Master Quality Only in our Shop Price 3,500birr Size40,41,42,43 FREE DELIVERYያሉበት ቦታ ያለተጨማሪ ክፍያ እናደርሳለን ለሱቅና ብዛት ተረካቢዎች ባስተያየት 0977808897 @Natyboy አድራሻችን ቄራ ሶፊያ ሞል ሁለተኛ ፎቅ ሱ.ቁ 216",2024-07-08T09:18:59+00:00,2363,media/aradabrand2_12561.jpg
aradabrand2,12559,"New costom Made in Vietnam Master Quality Only in our Shop Price 3,500birr Size40,41,42,43 FREE DELIVERYያሉበት ቦታ ያለተጨማሪ ክፍያ እናደርሳለን ለሱቅና ብዛት ተረካቢዎች ባስተያየት 0977808897 @Natyboy አድራሻችን ቄራ ሶፊያ ሞል ሁለተኛ ፎቅ ሱ.ቁ 216",2024-07-08T09:16:49+00:00,1955,media/aradabrand2_12559.jpg
aradabrand2,12558,"Leather comfort Made in Vietnam Master Quality Only in our Shop Price 3,800birr Size40,41,42,43 FREE DELIVERYያሉበት ቦታ ያለተጨማሪ ክፍያ እናደርሳለን ለሱቅና ብዛት ተረካቢዎች ባስተያየት 0977808897 @Natyboy አድራሻችን ቄራ ሶፊያ ሞል ሁለተኛ ፎቅ ሱ.ቁ 216",2024-07-08T09:15:41+00:00,1909,media/aradabrand2_12558.jpg
aradabrand2,12556,"star WP low Made in Vietnam Master Quality Only in our Shop Price 3,500birr Size40,41,42,43 FREE DELIVERYያሉበት ቦታ ያለተጨማሪ ክፍያ እናደርሳለን ለሱቅና ብዛት ተረካቢዎች ባስተያየት 0977808897 @Natyboy አድራሻችን ቄራ ሶፊያ ሞል ሁለተኛ ፎቅ ሱ.ቁ 216",2024-07-08T09:14:41+00:00,1821,media/aradabrand2_12556.jpg
aradabrand2,12554,"Star wP Made in Vietnam Master Quality Only in our Shop Price 3,500birr Size40,41,42,43 FREE DELIVERYያሉበት ቦታ ያለተጨማሪ ክፍያ እናደርሳለን ለሱቅና ብዛት ተረካቢዎች ባስተያየት 0977808897 @Natyboy አድራሻችን ቄራ ሶፊያ ሞል ሁለተኛ ፎቅ ሱ.ቁ 216",2024-07-08T09:13:48+00:00,1889,media/aradabrand2_12554.jpg
gebeyaadama,4503,kitchen stiker,2025-06-21T11:55:54+00:00,1200,
gebeyaadama,4497,ኪችንዎን በቅጽበት ውብ ማድረግ ይፈልጋሉ? ለኪችንዎ ግርማ ሞገስ ሀርቪ ስቲከር ለመሳቢያ ፣ ለካቢኔ ፣ ለኩሽና ፣ ለስላሳ የእንጨት ገጽና ግድግዳ ላይ የሚለጠፍ ማስጌጫ በራሱ የሚጣበቅ ውሃ የማያሳልፍ Waterproof ሙቀትን እና እርጥበትን የሚቋቋም ለማፅዳት ቀላል የሆነ አንጸባራቂ Kitchen Sticker Size 60CM5M Waterproof Oilproof Hotproof ያለው ከለር silver golden ዋጋ 5 meter 1200 ብር 0903038388 አድራሻችን አዳማ ፖስታ ቤት ሶሬቲ ሞል ምድር ላይ ሱ.ቁ 33 አዲስአበባ መገናኛ ከ ዋአች ህንፃ ፊትለፊት ኪኔሬት ሞል 3ተኛ ፎቅ 302 ብዛት መውሰድ ለምትፈልጉ በቅናሽ እናስረክባለን ቴሌግራም httpst.megebeyaadama Text @GebeyaAdama21,2025-06-21T11:55:50+00:00,1115,media/gebeyaadama_4497.jpg
gebeyaadama,4496,Anti slip kids shoes,2025-06-17T11:33:49+00:00,2245,
gebeyaadama,4492,Anti slip kids shoes የማያንሸራትት ዋጋ650ብር 0910500664 0988981322 0911762201 አድራሻችን አዳማ ፖስታ ቤት ሶሬቲ ሞል ምድር ላይ ሱ.ቁ 33 አዲስአበባ መገናኛ ከ ዋአች ህንፃ ፊትለፊት ኪኔሬት ሞል 3ተኛ ፎቅ 305 ብዛት መውሰድ ለምትፈልጉ በቅናሽ እናስረክባለን ቴሌግራም httpst.megebeyaadama Text @GebeyaAdama21,2025-06-17T11:33:43+00:00,1943,media/gebeyaadama_4492.jpg
gebeyaadama,4490,የቆርቆሮ እና የሮቶ መለጠፊያ,2025-06-16T12:50:45+00:00,1997,
gebeyaadama,4489,HIGH POLYMER BUTYL RUBBER TAPE አንደኛ ደረጃ የጎማ ላስትሮ Water proof tape 5 ሜትር ይረዝማል ማንኛውንም ነገር በከፍተኛ ደረጃ ያጣብቃል የተቀደዱየተበሱ የፍሳሽ ፒቪሲ ቱቦዎችን የውሃ ታንከር ሮቶ፣ ባልዲ፣ በርሜል እና የቤት ቆርቆሮዴክራ ጣራዎችን ይደፍናል ቅናሽ አርገናል እስከ 120c ድረስ ከፍተኛ ሙቀት እና እስከ 40c ቅዝቃዜ ይቋቋማል አንዴ የተጠቀሙበት ለ 30 አመት ይቆያል ዋጋ 900 ብር ብቻ!! 0903038388 በቴሌግራም ለማዘዝ @GebeyaAdama21 አድራሻችን አዳማ ፖስታ ቤት ሶሬቲ ሞል ምድር ላይ ሱ.ቁ 33 አዲስአበባ መገናኛ ከ ዋአች ህንፃ ፊትለፊት ኪኔሬት ሞል 3ተኛ ፎቅ 302 ክፍለሀገር ለምትኖሩ በፖስታ ቤት ems እንልካለን። ይሄንን በመጫን የቤተሰባችን አባል ይሁኑ httpst.megebeyaadama ያሉበት ድረስ በራሳችን ትራንስፖርት በነፃ እናደርሳለን።,2025-06-16T12:50:41+00:00,1818,media/gebeyaadama_4489.jpg
gebeyaadama,4488,አዲስ ምግብ ለሚጀምሩ ህፃናት ማስጀመሪያ,2025-06-16T12:47:17+00:00,1812,
gebeyaadama,4485,Silcone Bottle Spoon Feeder የልጆች መመገቢያ የጡጦ ማንኪያ ማንኪያና ሳህን ይዞ ማብላት ቀረ ህፃናት ከእናት ጡት ወተት ውጭ ተጨማሪ ምግብ ለማለማመድ አስፈላጊ BPA FREE 450 ብር ብቻ 251911762201 251903038388 አዲስአበባ እና አዳማ ውስጥ ለምትኖሩ በነፃ ያሉበት እናደርሳለን። አድራሻችን ቁ1 አዳማ ፖስታ ቤት ሶሬቲ ሞል ምድር ላይ በቀይመስቀሉ በኩል እንደገቡ ሱ.ቁ 33 ያገኙናል። ክፍለሀገር ለምትኖሩ በፖስታ ቤት ems እንልካለን። ይሄንን በመጫን የቤተሰባችን አባል ይሁኑ httpst.megebeyaadama,2025-06-16T12:47:13+00:00,1359,media/gebeyaadama_4485.jpg
gebeyaadama,4484,የህፃናት የሻውር ኬፕ,2025-06-16T12:46:04+00:00,1610,
gebeyaadama,4483,Adjustable Baby Shower Cap Child Kids Shampoo Bath Hat Wash Hair Shield 251911762201 251972824252 በቴሌግራም ለማዘዝ @GebeyaAdama21 አድራሻችን አዳማ ፖስታ ቤት ሶሬቲ ሞል ምድር ላይ ሱ.ቁ 33 አዲስአበባ መገናኛ ከ ዋአች ህንፃ ፊትለፊት ኪኔሬት ሞል 3ተኛ ፎቅ 305 ክፍለሀገር ለምትኖሩ በፖስታ ቤት ems እንልካለን። ይሄንን በመጫን የቤተሰባችን አባል ይሁኑ httpst.megebeyaadama ያሉበት ድረስ በራሳችን ትራንስፖርት በነፃ እናደርሳለን።,2025-06-16T12:45:58+00:00,1357,media/gebeyaadama_4483.jpg
gebeyaadama,4482,የህፃናት የምግብ መዳመጫ,2025-06-16T12:26:25+00:00,1381,
gebeyaadama,4481,የህፃናት የምግብ መዳመጫ አዲስ ምግብ ለሚጀምሩ ህፃናት የሚሆን ዋጋ 500 ብር 251911762201 251972824252 በቴሌግራም ለማዘዝ @GebeyaAdama21 አድራሻችን አዳማ ፖስታ ቤት ሶሬቲ ሞል ምድር ላይ ሱ.ቁ 33 አዲስአበባ መገናኛ ከ ዋአች ህንፃ ፊትለፊት ኪኔሬት ሞል 3ተኛ ፎቅ 305 ክፍለሀገር ለምትኖሩ በፖስታ ቤት ems እንልካለን። ይሄንን በመጫን የቤተሰባችን አባል ይሁኑ httpst.megebeyaadama ያሉበት ድረስ በራሳችን ትራንስፖርት በነፃ እናደርሳለን።,2025-06-16T12:26:20+00:00,1621,media/gebeyaadama_4481.jpg
gebeyaadama,4480,Door Bottom Sealer,2025-06-14T09:18:49+00:00,2220,
gebeyaadama,4479,Door Bottom Sealer አየር ከውጭ ወደ ቤት ውስጥ እንዳይገባ ይከላከላል ከቤት ውጭ የሚመጣ የድምፅ ብክለትን እና ብናኝ አቧራ የሚያግድየሚከላከል ከቤት ውጭ ወደ ቤት ውስጥ የሚገቡ ይከላከላል Size 93cm 10cm 0911762201 0972824252 0988404491 0922282582 በቴሌግራም ለማዘዝ @GebeyaAdama21 አድራሻችን ቁ1 አዳማ ፖስታ ቤት ሶሬቲ ሞል ምድር ላይ ሱ.ቁ 33 ቁ2 አዲስአበባ መገናኛ ከ ዋአች ህንፃ ፊትለፊት 3ተኛ ፎቅ 302 ይሄንን በመጫን የቤተሰባችን አባል ይሁኑ httpst.megebeyaadama የመረጡትን እቃ ይዘዙ፤ ያሉበት እናደርሳለን!! በኪስዎ ጥሬ ገንዘብ ካልያዙ በሞባይል ማስተላለፍ ይችላሉ።,2025-06-14T09:17:20+00:00,2227,media/gebeyaadama_4479.jpg
gebeyaadama,4476,Hot Water Bag የትኩስ ውሃ መያዢያ ከረጢት 1.8 ሊትር ውሃ ይይዛል ሙቀት ከሚቋቋም ወፍራም ጎማ የተሰራ አስተማማኝ ክዳን ያለው ወፍራም ጨርቅ ያለው ከወር አበባ ፣ ከወገብ ህመም፣ ከመደንዘዝ፣ ከደም ስር መዞርና ከውልቃት ጋር የተያያዙ ህመሞችን ለማስታገስ ይረዳል 750 ብር 0911762201 0972824252 0988404491 0922282582 በቴሌግራም ለማዘዝ @GebeyaAdama21 አድራሻችን አዳማ ፖስታ ቤት ሶሬቲ ሞል ምድር ላይ ሱ.ቁ 33 ይሄንን በመጫን የቤተሰባችን አባል ይሁኑ httpst.megebeyaadama የመረጡትን እቃ ይዘዙ፤ ያሉበት እናደርሳለን!! በኪስዎ ጥሬ ገንዘብ ካልያዙ በሞባይል ማስተላለፍ ይችላሉ።,2025-05-17T13:17:05+00:00,4474,media/gebeyaadama_4476.jpg
gebeyaadama,4475,"Original Derma stamp system This handy tool can be used to improve the visible appearance of Fine lines and wrinkles Hyperpigmentation, sun spots and age spots Hair loss or receding hair Deep wrinkles Dryness and redness The Derma Stamp Micro Needling skin tool has an adjustable needle dial ranging from 0.5mm 3mm. used as follows 0.5mm 1.0 mm treating hyperpigmented spots, facial wrinkles and smaller scars 1.5 mm reducing deep wrinkles and scars acne, stretch marks, surgery, burn scars 2.0 mm heavy duty scarring removal, intended for body areas only 2.5mm 3mm heavy duty scarring removal, intended for body areas only ዋጋ2,799ብር 251911762201 251972824252 በቴሌግራም ለማዘዝ @GebeyaAdama21 አድራሻችን አዳማ ፖስታ ቤት ሶሬቲ ሞል ምድር ላይ ሱ.ቁ 33 አዲስአበባ መገናኛ ከ ዋአች ህንፃ ፊትለፊት ኪኔሬት ሞል 3ተኛ ፎቅ 302 ክፍለሀገር ለምትኖሩ በፖስታ ቤት ems እንልካለን። ይሄንን በመጫን የቤተሰባችን አባል ይሁኑ httpst.megebeyaadama",2025-05-17T13:15:57+00:00,3691,media/gebeyaadama_4475.jpg
gebeyaadama,4474,ልጆች እየተዝናኑ የሚማሩበት LCD WRITING TAB,2025-05-15T12:13:05+00:00,3549,
gebeyaadama,4470,Lcd writing tablet 8.5 inch ልጆች እየተዝናኑ የሚማሩበት LCD WRITING TAB ለፅሁፍ እና ለስዕል መለማመጃ የሚሆን የወረቀት እና እርሳስ ወጪን የሚቆጥብ ብናኝ ወይም አይን የሚወጋ ብርሀን ስለሌለው በምቾት እና በደህንነት ለረጅም ሰአት የሚጠቀሙበት ለቢሮ እና ለምግብ ቤት ለተለያዬ አገልግሎቶች መጠቀም ይችላሉ ምስሉ የፈለጉትን ያህል መቆየት የሚችል ሲሆን አንድ ቁልፍ ብቻ በመጫን መቆለፍም ሆነ መሰረዝ ያስችላል ታብሌቱ ቀጭን ስለሆነ በእጅ ቦርሳ ለመያዝ አመቺ ነው። ዋጋ፦ 600 ብር 8.5 inch ይዘዙን ያሉበት ድረስ በነፃ እናደርሳለን limited Stock 0911762201 0972824252 0988404491 0922282582 በቴሌግራም ለማዘዝ @GebeyaAdama21 አድራሻችን አዳማ ፖስታ ቤት ሶሬቲ ሞል ምድር ላይ ሱ.ቁ 33 ይሄንን በመጫን የቤተሰባችን አባል ይሁኑ httpst.megebeyaadama,2025-05-15T12:13:01+00:00,3360,media/gebeyaadama_4470.jpg
gebeyaadama,4469,HIGH PRESSURE WATER GUN HEAD SUIT,2025-05-14T13:11:15+00:00,3629,
gebeyaadama,4468,ለመኪናዎ ማጠቢያ አትክልት ለማጠጣት እና ለሌሎችም አገልግሎት የሚሆን HIGH PRESSURE WATER GUN HEAD SUIT ለተሽከርካሪ ማጠብ ብቻ ሳይሆን አበቦችን ለማጠጣት ፣ ወለሎችን ለማጽዳት እና ግድግዳዎችን ለማጠብ ጭምር ያገለግላል ፡፡ እስከ 15 ሜትር ድረስ በሀይል መርጨት የሚችል እና ቆሻሻን በቀላሉ የሚያጸዳ አጠቃቀሙ ቀላል የሆነ ሊስተካከል የሚችል ኖዜል የ360 ዲግሪ ሽክርክሪት ዲዛይን የውሃ ፍሰት ያለው ዋጋ1200 ብር 251911762201 251972824252 በቴሌግራም ለማዘዝ @GebeyaAdama21 አዳማ ፖስታ ቤት ሶሬቲ ሞል ምድር ላይ ሱ.ቁ 33 አዲስአበባ መገናኛ ከ ዋአች ህንፃ ፊትለፊት ኪኔሬት ሞል 3ተኛ ፎቅ 305 ክፍለሀገር ለምትኖሩ በፖስታ ቤት ems እንልካለን። ይሄንን በመጫን የቤተሰባችን አባል ይሁኑ httpst.merichsfashion ያሉበት ድረስ በራሳችን ትራንስፖርት እናደርሳለን።,2025-05-14T13:11:10+00:00,3583,media/gebeyaadama_4468.jpg
gebeyaadama,4463,"Foldable High Capacity Travel Bags Smart Bag ሳይዙ ከፍ ዝቅ የሚል ብዙ ኪስ ስላለው በርካታ ዕቃልብስ ይይዙበታል ዋጋ 1,500 ብር",2025-04-24T13:10:42+00:00,4302,media/gebeyaadama_4463.jpg
gebeyaadama,4462,doublside plaster,2025-04-24T13:09:25+00:00,4390,
gebeyaadama,4461,"Reusable convenience LVy Grip Tape High Quality ውፍራም ቲክነስ ያለው አንደኛው ደጋግሞ ለመጠቀም የሚሆን አይቪግሪፕቴፕሕይወትዎንየሚያቀልፕላስተር ቆራርጠን መጠቀም የምንችለዉ በ ሁለቱም ጎን አጣብቆ መያዝ የሚችል ለስራ ቦታ ፣ለኪችንዎ... ተመራጭ Size 3 Meter Double Sided Tape Reusable, Removable Washable Ivy Grip Tape Life Magic Tape Seamless hook, nanosol allpurpose tape Lvy Grip Gel pad to suit your every need 3 ሜትር 700 ብር 251911762201 251972824252 በቴሌግራም ለማዘዝ @GebeyaAdama21 አድራሻችን አዳማ ፖስታ ቤት ሶሬቲ ሞል ምድር ላይ ሱ.ቁ 33 አዲስአበባ መገናኛ ከ ዋአች ህንፃ ፊትለፊት ኪኔሬት ሞል 3ተኛ ፎቅ 302 ክፍለሀገር ለምትኖሩ በፖስታ ቤት ems እንልካለን። ይሄንን በመጫን የቤተሰባችን አባል ይሁኑ httpst.megebeyaadama ያሉበት ድረስ በራሳችን ትራንስፖርት በነፃ እናደርሳለን።",2025-04-24T13:09:21+00:00,4589,media/gebeyaadama_4461.jpg
gebeyaadama,4456,7pcs Glass Kettle Set ማራኪ እና በዉብ ዲዛይን 1.4L የመያዝ አቅም ያለው ጆግ 6 መጠጫ ብርጭቆ ጋር ለቤትዎ ተጨማሪ ድምቀት የሚሆን ዋጋ 3200 ብር 251911762201 251972824252 በቴሌግራም ለማዘዝ @GebeyaAdama21 ክፍለሀገር ለምትኖሩ በፖስታ ቤት ems እንልካለን። ይሄንን በመጫን የቤተሰባችን አባል ይሁኑ ያሉበት ድረስ በራሳችን ትራንስፖርት በነፃ እናደርሳለን።,2025-04-16T04:41:35+00:00,3915,media/gebeyaadama_4456.jpg
gebeyaadama,4453,Watch 4 ከስልክ ጋ በ Bluetooth ተገናኝቶ ስልክ መደወል እንዲሁም ማናገር ይቻላል የልብ ምትን ይለካል ምን ያህል ካሎሪ እንዳቃጠልን ስፖርት ስንሰራ ይቆጥርልናል ቴክስት መላክ እንዲሁም መቀበል የሚችሉበት ሙቀት፣ክትትል፣የእንቅልፍ ክትትል፣ጥሪ አስታዋሽ፣ የማህበራዊ መልእክት አስታዋሽ ዋጋ 3500 ብር አድራሻችን አዳማ ፖስታ ቤት ሶሬቲ ሞል ምድር ላይ ሱ.ቁ 33 አዲስአበባ መገናኛ ከ ዋአች ህንፃ ፊትለፊት ኪኔሬት ሞል 3ተኛ ፎቅ 305 ቴሌግራም httpst.megebeyaadama Text @GebeyaAdama21,2025-04-16T04:39:58+00:00,3840,media/gebeyaadama_4453.jpg
gebeyaadama,4450,Candle aroma lamp በኤሌክትሪክ የሚሰራ ለቤት መልካም መዓዛን የሚሰጥ colorful atmosphere lamp Purify the air Beautify the Environment Reducing soot soothe fatigue safe and healthy ዋጋ1950ብር ውስን ፍሬ ነው ያለን Limited Stock አድራሻችን አዳማ ፖስታ ቤት ሶሬቲ ሞል ምድር ላይ ሱ.ቁ 33 አዲስአበባ መገናኛ ከ ዋአች ህንፃ ፊትለፊት ኪኔሬት ሞል 3ተኛ ፎቅ 302 ብዛት መውሰድ ለምትፈልጉ በቅናሽ እናስረክባለን ቴሌግራም httpst.megebeyaadama Text @GebeyaAdama21,2025-04-16T04:36:49+00:00,3186,media/gebeyaadama_4450.jpg
gebeyaadama,4449,የፀጉር ከርል ማረጊያ ማበጠሪያ ዋጋ 300 ብር 251911762201 251972824252 በቴሌግራም ለማዘዝ @GebeyaAdama21 አድራሻችን አዳማ ፖስታ ቤት ሶሬቲ ሞል ምድር ላይ ሱ.ቁ 33 አዲስአበባ መገናኛ ከ ዋአች ህንፃ ፊትለፊት ኪኔሬት ሞል 3ተኛ ፎቅ 302 ክፍለሀገር ለምትኖሩ በፖስታ ቤት ems እንልካለን። ይሄንን በመጫን የቤተሰባችን አባል ይሁኑ httpst.megebeyaadama,2025-04-16T04:36:40+00:00,3646,media/gebeyaadama_4449.jpg
gebeyaadama,4448,2 PCs Silicon Brush Spatula,2025-04-16T04:35:15+00:00,3126,
gebeyaadama,4447,2 PCs Silicon Brush Spatula አንድ ብሩሽ እና አንድ ስፓቹላ ዋጋ፦ 400 ብር በቴሌግራም ለማዘዝ @GebeyaAdama21 አድራሻችን አዳማ ፖስታ ቤት ሶሬቲ ሞል ምድር ላይ ሱ.ቁ 33 ይሄንን በመጫን የቤተሰባችን አባል ይሁኑ httpst.megebeyaadama የመረጡትን እቃ ይዘዙ፤ ያሉበት እናደርሳለን!! በኪስዎ ጥሬ ገንዘብ ካልያዙ በሞባይል ማስተላለፍ ይችላሉ።,2025-04-16T04:35:10+00:00,3627,media/gebeyaadama_4447.jpg
gebeyaadama,4438,Intelligent Electrical Breast Pump የእናት ጡት ማለቢያ,2025-03-24T08:05:03+00:00,6258,
gebeyaadama,4437,Intelligent Electrical Breast Pump የእናት ጡት ማለቢያ የእናት ጡት ወተት ምትክ የለውም አጠቃቀሙ ቀላል 3 አይነት ፍጥነት ያለው ከBPA ነፃ ዋጋ 3200 ብር 251911762201 251972824252 በቴሌግራም ለማዘዝ @GebeyaAdama21 አድራሻችን አዳማ ፖስታ ቤት ሶሬቲ ሞል ምድር ላይ ሱ.ቁ 33 አዲስአበባ መገናኛ ከ ዋአች ህንፃ ፊትለፊት ኪኔሬት ሞል 3ተኛ ፎቅ 302 ክፍለሀገር ለምትኖሩ በፖስታ ቤት ems እንልካለን። ይሄንን በመጫን የቤተሰባችን አባል ይሁኑ httpst.megebeyaadama ያሉበት ድረስ በራሳችን ትራንስፖርት በነፃ እናደርሳለን።,2025-03-24T08:04:58+00:00,6253,media/gebeyaadama_4437.jpg
gebeyaadama,4436,2in1 dumpling maker ሳምቡሳን በቀላሉ ለመስራት,2025-03-20T11:19:46+00:00,5876,
gebeyaadama,4435,2in1 dumpling maker ሳምቡሳን በቀላሉ ለመስራት ዋጋ፦ 800 ብር ውስን ፍሬ ስላለን ቀድመዉ ይዉሰዱ 251911762201 251972824252 በቴሌግራም ለማዘዝ @GebeyaAdama21 አድራሻችን አዳማ ፖስታ ቤት ሶሬቲ ሞል ምድር ላይ ሱ.ቁ 33 ይሄንን በመጫን የቤተሰባችን አባል ይሁኑ httpst.megebeyaadama የመረጡትን እቃ ይዘዙ፤ ያሉበት እናደርሳለን!! በካሽ አልያም በሞባይል ባንኪንግ መክፈል ይችላሉ።,2025-03-20T11:19:39+00:00,5315,media/gebeyaadama_4435.jpg
gebeyaadama,4434,የቆርቆሮ እና የሮቶ መለጠፊያ,2025-03-15T12:37:16+00:00,6409,
gebeyaadama,4433,HIGH POLYMER BUTYL RUBBER TAPE አንደኛ ደረጃ የጎማ ላስትሮ Water proof tape 5 ሜትር ይረዝማል ማንኛውንም ነገር በከፍተኛ ደረጃ ያጣብቃል የተቀደዱየተበሱ የፍሳሽ ፒቪሲ ቱቦዎችን የውሃ ታንከር ሮቶ፣ ባልዲ፣ በርሜል እና የቤት ቆርቆሮዴክራ ጣራዎችን ይደፍናል ቅናሽ አርገናል እስከ 120c ድረስ ከፍተኛ ሙቀት እና እስከ 40c ቅዝቃዜ ይቋቋማል አንዴ የተጠቀሙበት ለ 30 አመት ይቆያል ዋጋ 900 ብር ብቻ!! 251911762201 251972824252 በቴሌግራም ለማዘዝ @GebeyaAdama21 አድራሻችን አዳማ ፖስታ ቤት ሶሬቲ ሞል ምድር ላይ ሱ.ቁ 33 አዲስአበባ መገናኛ ከ ዋአች ህንፃ ፊትለፊት ኪኔሬት ሞል 3ተኛ ፎቅ 302 ክፍለሀገር ለምትኖሩ በፖስታ ቤት ems እንልካለን። ይሄንን በመጫን የቤተሰባችን አባል ይሁኑ httpst.megebeyaadama ያሉበት ድረስ በራሳችን ትራንስፖርት በነፃ እናደርሳለን።,2025-03-15T12:37:08+00:00,5764,media/gebeyaadama_4433.jpg
gebeyaadama,4432,Long Sewer Cleaning Wire Spring,2025-03-15T12:36:10+00:00,4770,
gebeyaadama,4431,"Long Sewer Cleaning Wire Spring ቆሻሻ የደፈነብንን ቀዳዳዎች በቀላሉ ለመክፈት የማይመች ቦታ ላይ ዕቃ ለመሳብ ለመፈለግ የሚጠቅም Bringing more convenience to the people in their daily life. Quality iron wire and pp material Flexible spring cable and retractable claws Long enough to get deep into drains Remove any clogs and debris For kitchen, bathroom, sinks, drain, tubs, etc. ዋጋ 800 ብር ለበለጠ ማብራሪያ ከላይ ያለውን ቪዲዮ ይመልከቱ። አድራሻችን አዳማ ፖስታ ቤት አካባቢ ሶሬቲ ሞል ግራውንድ ፍሎር ላይ 33 ቁጥር ያገኙናል። ስልክ 0972824252 0911762201 Telegram Message ለመፃፍ @Adamagebeya21",2025-03-15T12:36:03+00:00,4835,media/gebeyaadama_4431.jpg
gebeyaadama,4426,Baby toilet soft training seat ዋጋ1100ብር 0911762201 አዳማ ፖስታ ቤት ሶሬቲ ሞል ምድር ላይ ሱ.ቁ 33 አዲስአበባ መገናኛ ከ ዋአች ህንፃ ፊትለፊት ኪኔሬት ሞል 3ተኛ ፎቅ 302 ቴሌግራም httpst.megebeyaadama Text @GebeyaAdama21,2025-03-13T10:59:00+00:00,4614,media/gebeyaadama_4426.jpg
gebeyaadama,4423,Hair steamer cap,2025-03-12T12:35:45+00:00,4384,
gebeyaadama,4422,Electric Hair Steamer Cap High Quality የፀጉር እስቲመር ትሪትመንት ወይም ቅቤ ተቀብተው በቤቶ ሆነው የሚጠቀሙበት ዋጋ 950 ብር 251911762201 251972824252 በቴሌግራም ለማዘዝ @GebeyaAdama21 አድራሻችን አዳማ ፖስታ ቤት ሶሬቲ ሞል ምድር ላይ ሱ.ቁ 33 አዲስአበባ መገናኛ ከ ዋአች ህንፃ ፊትለፊት ኪኔሬት ሞል 3ተኛ ፎቅ 302 ክፍለሀገር ለምትኖሩ በፖስታ ቤት ems እንልካለን። ይሄንን በመጫን የቤተሰባችን አባል ይሁኑ httpst.megebeyaadama ያሉበት ድረስ በራሳችን ትራንስፖርት በነፃ እናደርሳለን።,2025-03-12T12:35:40+00:00,5099,media/gebeyaadama_4422.jpg
gebeyaadama,4417,"Electronic compact scale እስከ 10 ኪሎ ግራም ድረስ የሚመዝን በባትሪ ድንጋይ የሚሰራ ኩኪስ ለኬክ የተለያዮ ቅመሞችን ለመለካት ያገለግላል ለስፖርተኞች አመጋገብን ለማስተካከል እና ትክክለኛ የካሎሪ መጠን ለሰውነት ለማድረስ አስፈላጊ ነው Used in wide range of applications including kitchens ,offices, warehouses, laboratories and industries ዋጋ 1500 ብር በቴሌግራም ለማዘዝ @GebeyaAdama21 አድራሻችን አዳማ ፖስታ ቤት ሶሬቲ ሞል ምድር ላይ ሱ.ቁ 33 አዲስአበባ መገናኛ ከ ዋአች ህንፃ ፊትለፊት ኬኔሬት ሞል 3ተኛ ፎቅ 302 ይሄንን በመጫን የቤተሰባችን አባል ይሁኑ httpst.megebeyaadama የመረጡትን እቃ ይዘዙ፤ ያሉበት እናደርሳለን!! በካሽ አልያም በሞባይል ባንኪንግ መክፈል ይችላሉ።",2025-03-03T11:15:09+00:00,4917,media/gebeyaadama_4417.jpg
gebeyaadama,4412,Offset spatula ዋጋ 700 ብር 0911762201 0988981322 አድራሻችን አዳማ ፖስታ ቤት ሶሬቲ ሞል ምድር ላይ ሱ.ቁ 33 ቴሌግራም httpst.megebeyaadama Text @GebeyaAdama21,2025-03-01T11:47:11+00:00,4808,media/gebeyaadama_4412.jpg
gebeyaadama,4409,"Round Cake Smoother with Scale Cutting Knife Utility Flour Scraping ... A Great Kitchen Tool With a Wide Variety of Uses! Designed to Scrape and Split Bread Dough, It Can Also Be Used for Scraping, Crushing, Chopping ዋጋ 950 ብር 0911762201 0988981322 አድራሻችን አዳማ ፖስታ ቤት ሶሬቲ ሞል ምድር ላይ ሱ.ቁ 33 አዲስአበባ መገናኛ ከ ዋአች ህንፃ ፊትለፊት ኪኔሬት ሞል 3ተኛ ፎቅ 302 ብዛት መውሰድ ለምትፈልጉ በቅናሽ እናስረክባለን ቴሌግራም httpst.megebeyaadama Text @GebeyaAdama21",2025-03-01T11:46:06+00:00,4172,media/gebeyaadama_4409.jpg
gebeyaadama,4406,የማይዝ መካከለኛ ሳይዝ ፓትራ Baking Tray NonStick Scratch Resistant Carbon Steel ዋጋ 1100 ብር 0911762201 0988981322 አድራሻችን አዳማ ፖስታ ቤት ሶሬቲ ሞል ምድር ላይ ሱ.ቁ 33 ቴሌግራም httpst.megebeyaadama Text @GebeyaAdama21,2025-03-01T11:45:18+00:00,4298,media/gebeyaadama_4406.jpg
gebeyaadama,4401,ባለ 12 የካፕኬክ ፓትራ ዋጋ 750 ብር 0911762201 0988981322 አድራሻችን አዳማ ፖስታ ቤት ሶሬቲ ሞል ምድር ላይ ሱ.ቁ 33 ቴሌግራም httpst.megebeyaadama Text @GebeyaAdama21,2025-03-01T11:44:15+00:00,4015,media/gebeyaadama_4401.jpg
gebeyaadama,4396,Offset spatula ዋጋ፦ 700 ብር አዳማ ፖስታ ቤት ሶሬቲ ሞል ምድር ላይ ሱ.ቁ 33 አዲስአበባ መገናኛ ከ ዋአች ህንፃ ፊትለፊት ኪኔሬት ሞል 3ተኛ ፎቅ 302 ቴሌግራም httpst.megebeyaadama Text @GebeyaAdama21,2025-02-28T13:27:57+00:00,4192,media/gebeyaadama_4396.jpg
gebeyaadama,4394,Cake rotating turntable,2025-02-28T12:09:18+00:00,4211,
gebeyaadama,4393,ለ ኬክ ሼፎች ተሽከርካሪ የኬክ መስሪያ Cake rotating turntable ከ ፕላስቲክ ማቴሪያል የተሰራ 360 degree ተሽከርካሪ ዋጋ 1700 ብር 251911762201 251972824252 በቴሌግራም ለማዘዝ @GebeyaAdama21 አድራሻችን አዳማ ፖስታ ቤት ሶሬቲ ሞል ምድር ላይ ሱ.ቁ 33 አዲስአበባ መገናኛ ከ ዋአች ህንፃ ፊትለፊት ኪኔሬት ሞል 3ተኛ ፎቅ 302 ክፍለሀገር ለምትኖሩ በፖስታ ቤት ems እንልካለን። ይሄንን በመጫን የቤተሰባችን አባል ይሁኑ httpst.megebeyaadama ያሉበት ድረስ በራሳችን ትራንስፖርት በነፃ እናደርሳለን።,2025-02-28T12:09:13+00:00,4233,media/gebeyaadama_4393.jpg
gebeyaadama,4391,Flame essential oil diffuser,2025-02-25T08:23:16+00:00,5008,
ethio_brand_collection,6117,"እሁድ ሁሌም ክፍት ነን Reebok Club Vintage size 40,41,42,43 Price 3300 birr አድራሻሜክሲኮ ኮሜርስ ጀርባ መዚድ ፕላዛ የመጀመሪያ ደረጃ እንደወጡ 101 የቢሮ ቁጥር ያገኙናል or call 0920238243 EthioBrand",2025-06-22T06:27:39+00:00,7718,media/ethio_brand_collection_6117.jpg
ethio_brand_collection,6116,"Skechers archfit size 40,41,42,43 Price 3400 birr አድራሻሜክሲኮ ኮሜርስ ጀርባ መዚድ ፕላዛ የመጀመሪያ ደረጃ እንደወጡ 101 የቢሮ ቁጥር ያገኙናል or call 0920238243 EthioBrand",2025-06-16T09:01:34+00:00,16270,media/ethio_brand_collection_6116.jpg
ethio_brand_collection,6115,"እሁድ ሁሌም ክፍት ነን NB 04 leather Size 39,40,41,42,43,44 Price 4500 birr አድራሻሜክሲኮ ኮሜርስ ጀርባ መዚድ ፕላዛ የመጀመሪያ ደረጃ እንደወጡ 101 የቢሮ ቁጥር ያገኙናል or call 0920238243 EthioBrand",2025-06-15T09:20:06+00:00,16584,media/ethio_brand_collection_6115.jpg
ethio_brand_collection,6113,"Nike Air Force Paisley Size 40,41,42,43,44 Price 3700 birr አድራሻሜክሲኮ ኮሜርስ ጀርባ መዚድ ፕላዛ የመጀመሪያ ደረጃ እንደወጡ 101 የቢሮ ቁጥር ያገኙናል or call 0920238243 EthioBrand",2025-06-14T09:04:17+00:00,15904,media/ethio_brand_collection_6113.jpg
ethio_brand_collection,6112,"Skechers GY ULTRA Size 40,41,42,43,44 Price 3400 birr አድራሻሜክሲኮ ኮሜርስ ጀርባ መዚድ ፕላዛ የመጀመሪያ ደረጃ እንደወጡ 101 የቢሮ ቁጥር ያገኙናል or call 0920238243 EthioBrand",2025-06-14T06:40:06+00:00,14829,media/ethio_brand_collection_6112.jpg
ethio_brand_collection,6111,"Adidas Samba OG size 40,41,42,43 Price 3600 birr አድራሻሜክሲኮ ኮሜርስ ጀርባ መዚድ ፕላዛ የመጀመሪያ ደረጃ እንደወጡ 101 የቢሮ ቁጥር ያገኙናል or call 0920238243 EthioBrand",2025-06-13T09:02:24+00:00,15154,media/ethio_brand_collection_6111.jpg
ethio_brand_collection,6110,"Colombia vibram Size 40,41,42,43 Price 3700 birr አድራሻሜክሲኮ ኮሜርስ ጀርባ መዚድ ፕላዛ የመጀመሪያ ደረጃ እንደወጡ 101 የቢሮ ቁጥር ያገኙናል or call 0920238243 EthioBrand",2025-06-13T06:02:37+00:00,16457,media/ethio_brand_collection_6110.jpg
ethio_brand_collection,6109,"Skechers Delux Walker Size 40,41,42,43 Price 3800 birr አድራሻሜክሲኮ ኮሜርስ ጀርባ መዚድ ፕላዛ የመጀመሪያ ደረጃ እንደወጡ 101 የቢሮ ቁጥር ያገኙናል or call 0920238243 EthioBrand",2025-06-12T06:28:12+00:00,17239,media/ethio_brand_collection_6109.jpg
ethio_brand_collection,6108,"Alta buckle leather Size 39,40,41,42,43,44 Price 4500 birr አድራሻሜክሲኮ ኮሜርስ ጀርባ መዚድ ፕላዛ የመጀመሪያ ደረጃ እንደወጡ 101 የቢሮ ቁጥር ያገኙናል or call 0920238243 EthioBrand",2025-06-11T09:02:01+00:00,17528,media/ethio_brand_collection_6108.jpg
ethio_brand_collection,6107,"Skechers Ultra Lace Size 40,41,42,43,44 Price 3400 birr አድራሻሜክሲኮ ኮሜርስ ጀርባ መዚድ ፕላዛ የመጀመሪያ ደረጃ እንደወጡ 101 የቢሮ ቁጥር ያገኙናል or call 0920238243 EthioBrand",2025-06-11T06:01:27+00:00,18168,media/ethio_brand_collection_6107.jpg
ethio_brand_collection,6106,"Adidas bad bunny campus Size 40,41,42,43,44 Price 3800 birr አድራሻሜክሲኮ ኮሜርስ ጀርባ መዚድ ፕላዛ የመጀመሪያ ደረጃ እንደወጡ 101 የቢሮ ቁጥር ያገኙናል or call 0920238243 EthioBrand",2025-06-10T09:33:40+00:00,18514,media/ethio_brand_collection_6106.jpg
ethio_brand_collection,6105,"Waerta loafer leather Size 39,40,41,42,43,44 Price 4500 birr አድራሻሜክሲኮ ኮሜርስ ጀርባ መዚድ ፕላዛ የመጀመሪያ ደረጃ እንደወጡ 101 የቢሮ ቁጥር ያገኙናል or call 0920238243 EthioBrand",2025-06-10T06:04:53+00:00,19661,media/ethio_brand_collection_6105.jpg
ethio_brand_collection,6104,"Air Jordan Stay Loyal Size 40,41,42,43,44 Price 3400 birr አድራሻሜክሲኮ ኮሜርስ ጀርባ መዚድ ፕላዛ የመጀመሪያ ደረጃ እንደወጡ 101 የቢሮ ቁጥር ያገኙናል or call 0920238243 EthioBrand",2025-06-09T09:03:57+00:00,19931,media/ethio_brand_collection_6104.jpg
ethio_brand_collection,6103,"እሁድ ሁሌም ክፍት ነን Skechers Flex Groove size 40,41,42,43 Price 3800 birr አድራሻሜክሲኮ ኮሜርስ ጀርባ መዚድ ፕላዛ የመጀመሪያ ደረጃ እንደወጡ 101 የቢሮ ቁጥር ያገኙናል or call 0920238243 EthioBrand",2025-06-08T06:06:54+00:00,21775,media/ethio_brand_collection_6103.jpg
ethio_brand_collection,6102,"Colombia Hiking Size 40,41,42,43,44 Price 3900 birr አድራሻሜክሲኮ ኮሜርስ ጀርባ መዚድ ፕላዛ የመጀመሪያ ደረጃ እንደወጡ 101 የቢሮ ቁጥር ያገኙናል or call 0920238243 EthioBrand",2025-06-07T09:31:50+00:00,24424,media/ethio_brand_collection_6102.jpg
ethio_brand_collection,6101,"Nike Air Force the north face Size 40,41,42,43 Price 3700 birr አድራሻሜክሲኮ ኮሜርስ ጀርባ መዚድ ፕላዛ የመጀመሪያ ደረጃ እንደወጡ 101 የቢሮ ቁጥር ያገኙናል or call 0920238243 EthioBrand",2025-06-07T06:11:25+00:00,22889,media/ethio_brand_collection_6101.jpg
ethio_brand_collection,6100,"NB 04 leather Size 39,40,41,42,43,44 Price 4500 birr አድራሻሜክሲኮ ኮሜርስ ጀርባ መዚድ ፕላዛ የመጀመሪያ ደረጃ እንደወጡ 101 የቢሮ ቁጥር ያገኙናል or call 0920238243 EthioBrand",2025-06-06T09:10:20+00:00,23989,media/ethio_brand_collection_6100.jpg
ethio_brand_collection,6099,"Air Jordan 9 Size 40,41,42,43,44 Price 3800 birr አድራሻሜክሲኮ ኮሜርስ ጀርባ መዚድ ፕላዛ የመጀመሪያ ደረጃ እንደወጡ 101 የቢሮ ቁጥር ያገኙናል or call 0920238243 EthioBrand",2025-06-06T06:02:44+00:00,22221,media/ethio_brand_collection_6099.jpg
ethio_brand_collection,6098,New Stocks አዲስ የገባ እነዚህ እና የተለያዩ አዲስ ጫማዎችን በዛሬው እለት አስገብተናል፡፡ መተው ይጎብኙን፡፡ አድራሻሜክሲኮ ኮሜርስ ጀርባ መዚድ ፕላዛ የመጀመሪያ ደረጃ እንደወጡ 101 የቢሮ ቁጥር ያገኙናል or call 0920238243 EthioBrand,2025-06-05T09:04:01+00:00,24716,media/ethio_brand_collection_6098.jpg
ethio_brand_collection,6097,"Alta buckle leather Size 39,40,41,42,43,44 Price 4500 birr አድራሻሜክሲኮ ኮሜርስ ጀርባ መዚድ ፕላዛ የመጀመሪያ ደረጃ እንደወጡ 101 የቢሮ ቁጥር ያገኙናል or call 0920238243 EthioBrand",2025-06-05T06:05:10+00:00,24127,media/ethio_brand_collection_6097.jpg
ethio_brand_collection,6096,"Skechers Delux Walker Size 40,41,42,43 Price 3800 birr አድራሻሜክሲኮ ኮሜርስ ጀርባ መዚድ ፕላዛ የመጀመሪያ ደረጃ እንደወጡ 101 የቢሮ ቁጥር ያገኙናል or call 0920238243 EthioBrand",2025-06-04T09:01:26+00:00,23497,media/ethio_brand_collection_6096.jpg
ethio_brand_collection,6095,"እሁድ ሁሌም ክፍት ነን Adidas terrex Running size 40,41,42 Price 3600 birr አድራሻሜክሲኮ ኮሜርስ ጀርባ መዚድ ፕላዛ የመጀመሪያ ደረጃ እንደወጡ 101 የቢሮ ቁጥር ያገኙናል or call 0920238243 EthioBrand",2025-06-01T07:30:06+00:00,26646,media/ethio_brand_collection_6095.jpg
ethio_brand_collection,6094,"Converse all star leather high Size 40,41,42,43 Price 3200 birr አድራሻሜክሲኮ ኮሜርስ ጀርባ መዚድ ፕላዛ የመጀመሪያ ደረጃ እንደወጡ 101 የቢሮ ቁጥር ያገኙናል or call 0920238243 EthioBrand",2025-05-31T09:02:18+00:00,26373,media/ethio_brand_collection_6094.jpg
ethio_brand_collection,6093,"Nike LeBron Witness size 40,41,42,43 Price 3500 birr አድራሻሜክሲኮ ኮሜርስ ጀርባ መዚድ ፕላዛ የመጀመሪያ ደረጃ እንደወጡ 101 የቢሮ ቁጥር ያገኙናል or call 0920238243 EthioBrand",2025-05-30T09:28:58+00:00,26028,media/ethio_brand_collection_6093.jpg
ethio_brand_collection,6092,"Adidas cloud foam new Size 40,41,42,43 Price 3600 birr አድራሻሜክሲኮ ኮሜርስ ጀርባ መዚድ ፕላዛ የመጀመሪያ ደረጃ እንደወጡ 101 የቢሮ ቁጥር ያገኙናል or call 0920238243 EthioBrand",2025-05-29T09:03:27+00:00,25348,media/ethio_brand_collection_6092.jpg
ethio_brand_collection,6091,"Colombia Montrial size 40,43 Price 3700 birr አድራሻሜክሲኮ ኮሜርስ ጀርባ መዚድ ፕላዛ የመጀመሪያ ደረጃ እንደወጡ 101 የቢሮ ቁጥር ያገኙናል or call 0920238243 EthioBrand",2025-05-29T06:06:14+00:00,24132,media/ethio_brand_collection_6091.jpg
ethio_brand_collection,6090,"Skechers Out door taupe Size 40,41,42,43 Price 3500 birr አድራሻሜክሲኮ ኮሜርስ ጀርባ መዚድ ፕላዛ የመጀመሪያ ደረጃ እንደወጡ 101 የቢሮ ቁጥር ያገኙናል or call 0920238243 EthioBrand",2025-05-28T09:05:44+00:00,24148,media/ethio_brand_collection_6090.jpg
ethio_brand_collection,6089,"እሁድ ሁሌም ክፍት ነን Nike infinity flow size 40,41,42,43,44 Price 3500 birr አድራሻሜክሲኮ ኮሜርስ ጀርባ መዚድ ፕላዛ የመጀመሪያ ደረጃ እንደወጡ 101 የቢሮ ቁጥር ያገኙናል or call 0920238243 EthioBrand",2025-05-25T10:35:06+00:00,28464,media/ethio_brand_collection_6089.jpg
ethio_brand_collection,6088,"Piclse loafers leather Size 39,40,41,42,43,44 Price 4200 birr አድራሻሜክሲኮ ኮሜርስ ጀርባ መዚድ ፕላዛ የመጀመሪያ ደረጃ እንደወጡ 101 የቢሮ ቁጥር ያገኙናል or call 0920238243 EthioBrand",2025-05-24T06:03:15+00:00,27377,media/ethio_brand_collection_6088.jpg
ethio_brand_collection,6087,"Skechers Quantum flex size 40,41,42,43 Price 3500 birr አድራሻሜክሲኮ ኮሜርስ ጀርባ መዚድ ፕላዛ የመጀመሪያ ደረጃ እንደወጡ 101 የቢሮ ቁጥር ያገኙናል or call 0920238243 EthioBrand",2025-05-22T09:00:06+00:00,29044,media/ethio_brand_collection_6087.jpg
ethio_brand_collection,6086,"Nike LeBron Witness size 40,41,42,43 Price 3500 birr አድራሻሜክሲኮ ኮሜርስ ጀርባ መዚድ ፕላዛ የመጀመሪያ ደረጃ እንደወጡ 101 የቢሮ ቁጥር ያገኙናል or call 0920238243 EthioBrand",2025-05-22T06:03:31+00:00,26914,media/ethio_brand_collection_6086.jpg
ethio_brand_collection,6085,"Under Armour Maven Trek size 40,41,42,43 Price 4000 birr አድራሻሜክሲኮ ኮሜርስ ጀርባ መዚድ ፕላዛ የመጀመሪያ ደረጃ እንደወጡ 101 የቢሮ ቁጥር ያገኙናል or call 0920238243 EthioBrand",2025-05-21T06:00:06+00:00,25969,media/ethio_brand_collection_6085.jpg
ethio_brand_collection,6084,"Piclse loafers leather Size 39,40,41,42,43,44 Price 4200 birr አድራሻሜክሲኮ ኮሜርስ ጀርባ መዚድ ፕላዛ የመጀመሪያ ደረጃ እንደወጡ 101 የቢሮ ቁጥር ያገኙናል or call 0920238243 EthioBrand",2025-05-20T06:03:23+00:00,26225,media/ethio_brand_collection_6084.jpg
ethio_brand_collection,6083,"Skechers Out door taupe Size 40,41,42,43 Price 3500 birr አድራሻሜክሲኮ ኮሜርስ ጀርባ መዚድ ፕላዛ የመጀመሪያ ደረጃ እንደወጡ 101 የቢሮ ቁጥር ያገኙናል or call 0920238243 EthioBrand",2025-05-19T06:00:06+00:00,26985,media/ethio_brand_collection_6083.jpg
ethio_brand_collection,6082,"Nike infinity flow size 40,41,42,43,44 Price 3500 birr አድራሻሜክሲኮ ኮሜርስ ጀርባ መዚድ ፕላዛ የመጀመሪያ ደረጃ እንደወጡ 101 የቢሮ ቁጥር ያገኙናል or call 0920238243 EthioBrand",2025-05-17T09:01:45+00:00,27380,media/ethio_brand_collection_6082.jpg
ethio_brand_collection,6081,"Skechers Quantum flex size 40,41,42,43 Price 3500 birr አድራሻሜክሲኮ ኮሜርስ ጀርባ መዚድ ፕላዛ የመጀመሪያ ደረጃ እንደወጡ 101 የቢሮ ቁጥር ያገኙናል or call 0920238243 EthioBrand",2025-05-17T05:44:59+00:00,26734,media/ethio_brand_collection_6081.jpg
ethio_brand_collection,6080,"Colombia Montrial size 40,41,42,43 Price 3700 birr አድራሻሜክሲኮ ኮሜርስ ጀርባ መዚድ ፕላዛ የመጀመሪያ ደረጃ እንደወጡ 101 የቢሮ ቁጥር ያገኙናል or call 0920238243 EthioBrand",2025-05-15T09:19:33+00:00,26692,media/ethio_brand_collection_6080.jpg
ethio_brand_collection,6079,"Nike i free run Size 40,41,42,43 Price 3500 birr አድራሻሜክሲኮ ኮሜርስ ጀርባ መዚድ ፕላዛ የመጀመሪያ ደረጃ እንደወጡ 101 የቢሮ ቁጥር ያገኙናል or call 0920238243",2025-05-14T06:20:25+00:00,27949,media/ethio_brand_collection_6079.jpg
ethio_brand_collection,6078,"Puma beige SD Size 40,41,42,43 Price 3700 birr አድራሻሜክሲኮ ኮሜርስ ጀርባ መዚድ ፕላዛ የመጀመሪያ ደረጃ እንደወጡ 101 የቢሮ ቁጥር ያገኙናል or call 0920238243 EthioBrand",2025-05-12T06:00:06+00:00,29305,media/ethio_brand_collection_6078.jpg
ethio_brand_collection,6077,"Adidas cloud foam new Size 40,41,42,43,44 Price 3600 birr አድራሻሜክሲኮ ኮሜርስ ጀርባ መዚድ ፕላዛ የመጀመሪያ ደረጃ እንደወጡ 101 የቢሮ ቁጥር ያገኙናል or call 0920238243 EthioBrand",2025-05-10T11:13:27+00:00,30687,media/ethio_brand_collection_6077.jpg
ethio_brand_collection,6076,"Manladuo suede Chelsea boots size 40,41,42,43 Price 5400 birr አድራሻሜክሲኮ ኮሜርስ ጀርባ መዚድ ፕላዛ የመጀመሪያ ደረጃ እንደወጡ 101 የቢሮ ቁጥር ያገኙናል or call 0920238243 EthioBrand",2025-05-10T06:03:06+00:00,29993,media/ethio_brand_collection_6076.jpg
ethio_brand_collection,6075,"Adidas terrex Running size 40,41,42,43 Price 3600 birr አድራሻሜክሲኮ ኮሜርስ ጀርባ መዚድ ፕላዛ የመጀመሪያ ደረጃ እንደወጡ 101 የቢሮ ቁጥር ያገኙናል or call 0920238243 EthioBrand",2025-05-09T09:03:39+00:00,28471,media/ethio_brand_collection_6075.jpg
ethio_brand_collection,6074,"Pristine loafer leather size 39,40,41,42,43,44 Price 4800 birr አድራሻሜክሲኮ ኮሜርስ ጀርባ መዚድ ፕላዛ የመጀመሪያ ደረጃ እንደወጡ 101 የቢሮ ቁጥር ያገኙናል or call 0920238243 EthioBrand",2025-05-07T09:04:30+00:00,33901,media/ethio_brand_collection_6074.jpg
ethio_brand_collection,6073,"Nike LeBron Witness size 40,41,42,43,44 Price 3500 birr አድራሻሜክሲኮ ኮሜርስ ጀርባ መዚድ ፕላዛ የመጀመሪያ ደረጃ እንደወጡ 101 የቢሮ ቁጥር ያገኙናል or call 0920238243 EthioBrand",2025-05-06T08:58:41+00:00,34085,media/ethio_brand_collection_6073.jpg
ethio_brand_collection,6072,"Colombia Montrial size 40,41,42,43 Price 3700 birr አድራሻሜክሲኮ ኮሜርስ ጀርባ መዚድ ፕላዛ የመጀመሪያ ደረጃ እንደወጡ 101 የቢሮ ቁጥር ያገኙናል or call 0920238243 EthioBrand",2025-05-06T06:04:47+00:00,32293,media/ethio_brand_collection_6072.jpg
ethio_brand_collection,6071,"Under Armour Maven Trek size 40,41,42,43,44,45 Price 4000 birr አድራሻሜክሲኮ ኮሜርስ ጀርባ መዚድ ፕላዛ የመጀመሪያ ደረጃ እንደወጡ 101 የቢሮ ቁጥር ያገኙናል or call 0920238243 EthioBrand",2025-05-05T06:29:59+00:00,31937,media/ethio_brand_collection_6071.jpg
ethio_brand_collection,6070,"NB pure leather comfort Size 39,40,41,42,43,44 Price 4200 birr አድራሻሜክሲኮ ኮሜርስ ጀርባ መዚድ ፕላዛ የመጀመሪያ ደረጃ እንደወጡ 101 የቢሮ ቁጥር ያገኙናል or call 0920238243 EthioBrand",2025-05-03T09:05:06+00:00,32330,media/ethio_brand_collection_6070.jpg
ethio_brand_collection,6069,"Reebok Winterized Size 40,41,42,43,44 Price 3600 birr አድራሻሜክሲኮ ኮሜርስ ጀርባ መዚድ ፕላዛ የመጀመሪያ ደረጃ እንደወጡ 101 የቢሮ ቁጥር ያገኙናል or call 0920238243 EthioBrand",2025-05-03T06:02:11+00:00,31751,media/ethio_brand_collection_6069.jpg
ethio_brand_collection,6068,"Adidas cloud foam new Size 40,41,42,43,44 Price 3600 birr አድራሻሜክሲኮ ኮሜርስ ጀርባ መዚድ ፕላዛ የመጀመሪያ ደረጃ እንደወጡ 101 የቢሮ ቁጥር ያገኙናል or call 0920238243 EthioBrand",2025-05-02T06:08:52+00:00,31954,media/ethio_brand_collection_6068.jpg
ethio_brand_collection,6067,"Puma beige SD Size 40,41,42,43 Price 3700 birr አድራሻሜክሲኮ ኮሜርስ ጀርባ መዚድ ፕላዛ የመጀመሪያ ደረጃ እንደወጡ 101 የቢሮ ቁጥር ያገኙናል or call 0920238243 EthioBrand",2025-05-01T09:18:06+00:00,31083,media/ethio_brand_collection_6067.jpg
ethio_brand_collection,6066,"Nike LeBron Witness size 40,41,42,43,44 Price 3500 birr አድራሻሜክሲኮ ኮሜርስ ጀርባ መዚድ ፕላዛ የመጀመሪያ ደረጃ እንደወጡ 101 የቢሮ ቁጥር ያገኙናል or call 0920238243 EthioBrand",2025-05-01T06:02:35+00:00,29147,media/ethio_brand_collection_6066.jpg
ethio_brand_collection,6065,"Nike Zoom Vomero size 40,41,42,43,44 Price 3500 birr አድራሻሜክሲኮ ኮሜርስ ጀርባ መዚድ ፕላዛ የመጀመሪያ ደረጃ እንደወጡ 101 የቢሮ ቁጥር ያገኙናል or call 0920238243 EthioBrand",2025-04-29T06:01:29+00:00,31320,media/ethio_brand_collection_6065.jpg
ethio_brand_collection,6064,"Nike zoom react 1.0 size 40,41,42,43 Price 3500 birr አድራሻሜክሲኮ ኮሜርስ ጀርባ መዚድ ፕላዛ የመጀመሪያ ደረጃ እንደወጡ 101 የቢሮ ቁጥር ያገኙናል or call 0920238243 EthioBrand",2025-04-28T06:04:18+00:00,31793,media/ethio_brand_collection_6064.jpg
ethio_brand_collection,6063,"Under Armour Maven Trek size 40,41,42,43,44 Price 4000 birr አድራሻሜክሲኮ ኮሜርስ ጀርባ መዚድ ፕላዛ የመጀመሪያ ደረጃ እንደወጡ 101 የቢሮ ቁጥር ያገኙናል or call 0920238243 EthioBrand",2025-04-26T09:16:53+00:00,31673,media/ethio_brand_collection_6063.jpg
ethio_brand_collection,6062,"NB pure leather comfort Size 39,40,41,42,43,44 Price 4200 birr አድራሻሜክሲኮ ኮሜርስ ጀርባ መዚድ ፕላዛ የመጀመሪያ ደረጃ እንደወጡ 101 የቢሮ ቁጥር ያገኙናል or call 0920238243 EthioBrand",2025-04-26T06:12:18+00:00,30830,media/ethio_brand_collection_6062.jpg
ethio_brand_collection,6061,"Pristine loafer leather size 39,40,41,42,43,44 Price 4800 birr አድራሻሜክሲኮ ኮሜርስ ጀርባ መዚድ ፕላዛ የመጀመሪያ ደረጃ እንደወጡ 101 የቢሮ ቁጥር ያገኙናል or call 0920238243 EthioBrand",2025-04-25T06:02:43+00:00,29939,media/ethio_brand_collection_6061.jpg
ethio_brand_collection,6060,"Piclse loafers leather Size 39,40,41,42,43,44 Price 4200 birr አድራሻሜክሲኮ ኮሜርስ ጀርባ መዚድ ፕላዛ የመጀመሪያ ደረጃ እንደወጡ 101 የቢሮ ቁጥር ያገኙናል or call 0920238243 EthioBrand",2025-04-24T09:04:59+00:00,29843,media/ethio_brand_collection_6060.jpg
ethio_brand_collection,6059,"Skechers Out door taupe Size 40,41,42,43 Price 3500 birr አድራሻሜክሲኮ ኮሜርስ ጀርባ መዚድ ፕላዛ የመጀመሪያ ደረጃ እንደወጡ 101 የቢሮ ቁጥር ያገኙናል or call 0920238243 EthioBrand",2025-04-23T09:11:56+00:00,31597,media/ethio_brand_collection_6059.jpg
ethio_brand_collection,6058,"Under Armour Maven Trek size 40,41,42,43,44 Price 4000 birr አድራሻሜክሲኮ ኮሜርስ ጀርባ መዚድ ፕላዛ የመጀመሪያ ደረጃ እንደወጡ 101 የቢሮ ቁጥር ያገኙናል or call 0920238243 EthioBrand",2025-04-22T06:05:57+00:00,30864,media/ethio_brand_collection_6058.jpg
ethio_brand_collection,6057,"Colombia Montrial size 40,41,42,43 Price 3700 birr አድራሻሜክሲኮ ኮሜርስ ጀርባ መዚድ ፕላዛ የመጀመሪያ ደረጃ እንደወጡ 101 የቢሮ ቁጥር ያገኙናል or call 0920238243 EthioBrand",2025-04-21T09:01:54+00:00,31526,media/ethio_brand_collection_6057.jpg
ethio_brand_collection,6056,"Women skechers Gorun arch size 36,37,38 Price 3100 birr አድራሻሜክሲኮ ኮሜርስ ጀርባ መዚድ ፕላዛ የመጀመሪያ ደረጃ እንደወጡ 101 የቢሮ ቁጥር ያገኙናል or call 0920238243 EthioBrand",2025-04-21T06:04:51+00:00,29404,media/ethio_brand_collection_6056.jpg
ethio_brand_collection,6055,"Reebok classic size 40,41,42,43 Price 3200 birr አድራሻሜክሲኮ ኮሜርስ ጀርባ መዚድ ፕላዛ የመጀመሪያ ደረጃ እንደወጡ 101 የቢሮ ቁጥር ያገኙናል or call 0920238243 EthioBrand",2025-04-19T13:01:13+00:00,32071,media/ethio_brand_collection_6055.jpg
ethio_brand_collection,6054,"Skechers AF 02 size 40,41,42,43 Price 3300 birr አድራሻሜክሲኮ ኮሜርስ ጀርባ መዚድ ፕላዛ የመጀመሪያ ደረጃ እንደወጡ 101 የቢሮ ቁጥር ያገኙናል or call 0920238243 EthioBrand",2025-04-19T09:00:06+00:00,30750,media/ethio_brand_collection_6054.jpg
ethio_brand_collection,6053,"Manladuo suede Chelsea boots size 39,40,41,42,43,44 Price 5400 birr አድራሻሜክሲኮ ኮሜርስ ጀርባ መዚድ ፕላዛ የመጀመሪያ ደረጃ እንደወጡ 101 የቢሮ ቁጥር ያገኙናል or call 0920238243 EthioBrand",2025-04-19T06:02:45+00:00,29717,media/ethio_brand_collection_6053.jpg
ethio_brand_collection,6052,"Nike Flywire size 40,41,42,43 Price 3700 birr አድራሻሜክሲኮ ኮሜርስ ጀርባ መዚድ ፕላዛ የመጀመሪያ ደረጃ እንደወጡ 101 የቢሮ ቁጥር ያገኙናል or call 0920238243 EthioBrand",2025-04-18T09:20:29+00:00,31807,media/ethio_brand_collection_6052.jpg
ethio_brand_collection,6051,"Morazora casual leather size 39,40,41,42,43,44 Price 4200 birr አድራሻሜክሲኮ ኮሜርስ ጀርባ መዚድ ፕላዛ የመጀመሪያ ደረጃ እንደወጡ 101 የቢሮ ቁጥር ያገኙናል or call 0920238243 EthioBrand",2025-04-18T06:02:57+00:00,29599,media/ethio_brand_collection_6051.jpg
ethio_brand_collection,6050,"Columbia Trailstorm size 40,41,42,43,44 Price 3800 birr አድራሻሜክሲኮ ኮሜርስ ጀርባ መዚድ ፕላዛ የመጀመሪያ ደረጃ እንደወጡ 101 የቢሮ ቁጥር ያገኙናል or call 0920238243 EthioBrand",2025-04-17T09:01:53+00:00,30933,media/ethio_brand_collection_6050.jpg
ethio_brand_collection,6049,"Under Armour Maven Trek size 40,41,42,43,44 Price 4000 birr አድራሻሜክሲኮ ኮሜርስ ጀርባ መዚድ ፕላዛ የመጀመሪያ ደረጃ እንደወጡ 101 የቢሮ ቁጥር ያገኙናል or call 0920238243 EthioBrand",2025-04-17T06:03:57+00:00,31181,media/ethio_brand_collection_6049.jpg
ethio_brand_collection,6048,"Adidas Samba Double sole size 40,41,42,43,44 Price 3800 birr አድራሻሜክሲኮ ኮሜርስ ጀርባ መዚድ ፕላዛ የመጀመሪያ ደረጃ እንደወጡ 101 የቢሮ ቁጥር ያገኙናል or call 0920238243 EthioBrand",2025-04-16T09:02:46+00:00,31507,media/ethio_brand_collection_6048.jpg
ethio_brand_collection,6047,"Manladuo suede Chelsea boots size 39,40,41,42,43,44 Price 5400 birr አድራሻሜክሲኮ ኮሜርስ ጀርባ መዚድ ፕላዛ የመጀመሪያ ደረጃ እንደወጡ 101 የቢሮ ቁጥር ያገኙናል or call 0920238243 EthioBrand",2025-04-16T06:01:11+00:00,30328,media/ethio_brand_collection_6047.jpg
ethio_brand_collection,6046,"Adidas DRose chi 2 size 40,41,42,43,44 Price 3900 birr አድራሻሜክሲኮ ኮሜርስ ጀርባ መዚድ ፕላዛ የመጀመሪያ ደረጃ እንደወጡ 101 የቢሮ ቁጥር ያገኙናል or call 0920238243 EthioBrand",2025-04-15T09:04:17+00:00,31763,media/ethio_brand_collection_6046.jpg
ethio_brand_collection,6045,"Adidas Terrex GoreTex size 40,42,43,44,45 Price 3600 birr አድራሻሜክሲኮ ኮሜርስ ጀርባ መዚድ ፕላዛ የመጀመሪያ ደረጃ እንደወጡ 101 የቢሮ ቁጥር ያገኙናል or call 0920238243 EthioBrand",2025-04-14T09:01:07+00:00,32184,media/ethio_brand_collection_6045.jpg
ethio_brand_collection,6044,"Morazora casual leather size 39,40,41,42,43,44 Price 4200 birr አድራሻሜክሲኮ ኮሜርስ ጀርባ መዚድ ፕላዛ የመጀመሪያ ደረጃ እንደወጡ 101 የቢሮ ቁጥር ያገኙናል or call 0920238243 EthioBrand",2025-04-14T06:04:33+00:00,32068,media/ethio_brand_collection_6044.jpg
ethio_brand_collection,6043,"እሁድ ሁሌም ክፍት ነን Nike Zoom Vomero size 40,41,42,43,44 Price 3500 birr አድራሻሜክሲኮ ኮሜርስ ጀርባ መዚድ ፕላዛ የመጀመሪያ ደረጃ እንደወጡ 101 የቢሮ ቁጥር ያገኙናል or call 0920238243 EthioBrand",2025-04-13T06:03:17+00:00,31895,media/ethio_brand_collection_6043.jpg
ethio_brand_collection,6042,"Manladuo suede Chelsea boots size 39,40,41,42,43,44 Price 5400 birr አድራሻሜክሲኮ ኮሜርስ ጀርባ መዚድ ፕላዛ የመጀመሪያ ደረጃ እንደወጡ 101 የቢሮ ቁጥር ያገኙናል or call 0920238243 EthioBrand",2025-04-12T12:05:03+00:00,32343,media/ethio_brand_collection_6042.jpg
ethio_brand_collection,6041,"Nike quest 4 Size 39,40,41,43 Price 3500 birr አድራሻሜክሲኮ ኮሜርስ ጀርባ መዚድ ፕላዛ የመጀመሪያ ደረጃ እንደወጡ 101 የቢሮ ቁጥር ያገኙናል or call 0920238243 EthioBrand",2025-04-12T09:02:13+00:00,31104,media/ethio_brand_collection_6041.jpg
ethio_brand_collection,6040,"Pristine 2 loafer leather size 40,41,42,43,44 Price 4800 birr አድራሻሜክሲኮ ኮሜርስ ጀርባ መዚድ ፕላዛ የመጀመሪያ ደረጃ እንደወጡ 101 የቢሮ ቁጥር ያገኙናል or call 0920238243 EthioBrand",2025-04-12T06:03:00+00:00,31279,media/ethio_brand_collection_6040.jpg
ethio_brand_collection,6039,"Driving banquet leather shoes size 39,40,41,42,43,44 Price 4200 birr አድራሻሜክሲኮ ኮሜርስ ጀርባ መዚድ ፕላዛ የመጀመሪያ ደረጃ እንደወጡ 101 የቢሮ ቁጥር ያገኙናል or call 0920238243 EthioBrand",2025-04-11T09:03:22+00:00,31129,media/ethio_brand_collection_6039.jpg
ethio_brand_collection,6038,"Adidas Samba OG size 40,41,42,43 Price 3600 birr አድራሻሜክሲኮ ኮሜርስ ጀርባ መዚድ ፕላዛ የመጀመሪያ ደረጃ እንደወጡ 101 የቢሮ ቁጥር ያገኙናል or call 0920238243 EthioBrand",2025-04-11T06:00:22+00:00,30058,media/ethio_brand_collection_6038.jpg
ethio_brand_collection,6037,"Piclse loafers leather Size 39,40,41,42,43 Price 4200 birr አድራሻሜክሲኮ ኮሜርስ ጀርባ መዚድ ፕላዛ የመጀመሪያ ደረጃ እንደወጡ 101 የቢሮ ቁጥር ያገኙናል or call 0920238243 EthioBrand",2025-04-10T09:00:48+00:00,32358,media/ethio_brand_collection_6037.jpg
ethio_brand_collection,6036,"Skechers MAX Size 40,41,42,43,44 Price 3800 birr አድራሻሜክሲኮ ኮሜርስ ጀርባ መዚድ ፕላዛ የመጀመሪያ ደረጃ እንደወጡ 101 የቢሮ ቁጥር ያገኙናል or call 0920238243 EthioBrand",2025-04-10T06:04:50+00:00,30766,media/ethio_brand_collection_6036.jpg
ethio_brand_collection,6035,"NB pure leather comfort Size 39,40,41,42,43,44 Price 4200 birr አድራሻሜክሲኮ ኮሜርስ ጀርባ መዚድ ፕላዛ የመጀመሪያ ደረጃ እንደወጡ 101 የቢሮ ቁጥር ያገኙናል or call 0920238243 EthioBrand",2025-04-09T09:02:48+00:00,32456,media/ethio_brand_collection_6035.jpg
ethio_brand_collection,6034,"Nike Zoom Vomero size 40,41,42,43,44 Price 3500 birr አድራሻሜክሲኮ ኮሜርስ ጀርባ መዚድ ፕላዛ የመጀመሪያ ደረጃ እንደወጡ 101 የቢሮ ቁጥር ያገኙናል or call 0920238243 EthioBrand",2025-04-09T06:02:25+00:00,31267,media/ethio_brand_collection_6034.jpg
ethio_brand_collection,6033,"Gdesigner leather size 39,40,41,42,43,44 Price 4200 birr አድራሻሜክሲኮ ኮሜርስ ጀርባ መዚድ ፕላዛ የመጀመሪያ ደረጃ እንደወጡ 101 የቢሮ ቁጥር ያገኙናል or call 0920238243 EthioBrand",2025-04-08T09:03:47+00:00,33199,media/ethio_brand_collection_6033.jpg
ethio_brand_collection,6032,"Adidas Terrex GoreTex size 40,41,42,43,44,45 Price 3600 birr አድራሻሜክሲኮ ኮሜርስ ጀርባ መዚድ ፕላዛ የመጀመሪያ ደረጃ እንደወጡ 101 የቢሮ ቁጥር ያገኙናል or call 0920238243 EthioBrand",2025-04-08T06:04:15+00:00,31674,media/ethio_brand_collection_6032.jpg
ethio_brand_collection,6031,"Pristine 2 loafer leather size 39,40,41,42,43,44 Price 4800 birr አድራሻሜክሲኮ ኮሜርስ ጀርባ መዚድ ፕላዛ የመጀመሪያ ደረጃ እንደወጡ 101 የቢሮ ቁጥር ያገኙናል or call 0920238243 EthioBrand",2025-04-07T09:01:27+00:00,36097,media/ethio_brand_collection_6031.jpg
ethio_brand_collection,6030,"እሁድ ሁሌም ክፍት ነን Air Jordan 6 Size 40,41,42,43 Price 3500 birr አድራሻሜክሲኮ ኮሜርስ ጀርባ መዚድ ፕላዛ የመጀመሪያ ደረጃ እንደወጡ 101 የቢሮ ቁጥር ያገኙናል or call 0920238243 EthioBrand",2025-04-06T06:00:23+00:00,35312,media/ethio_brand_collection_6030.jpg
ethio_brand_collection,6029,"Columbia Trailstorm size 40,41,42,43 Price 3800 birr አድራሻሜክሲኮ ኮሜርስ ጀርባ መዚድ ፕላዛ የመጀመሪያ ደረጃ እንደወጡ 101 የቢሮ ቁጥር ያገኙናል or call 0920238243 EthioBrand",2025-04-05T09:03:58+00:00,36289,media/ethio_brand_collection_6029.jpg
ethio_brand_collection,6028,"Driving banquet leather shoes size 39,40,41,42,43,44 Price 4200 birr አድራሻሜክሲኮ ኮሜርስ ጀርባ መዚድ ፕላዛ የመጀመሪያ ደረጃ እንደወጡ 101 የቢሮ ቁጥር ያገኙናል or call 0920238243 EthioBrand",2025-04-05T06:02:17+00:00,35061,media/ethio_brand_collection_6028.jpg
ethio_brand_collection,6027,"Nike zoom react 1.0 size 40,41,42,43 Price 3500 birr አድራሻሜክሲኮ ኮሜርስ ጀርባ መዚድ ፕላዛ የመጀመሪያ ደረጃ እንደወጡ 101 የቢሮ ቁጥር ያገኙናል or call 0920238243 EthioBrand",2025-04-04T09:04:15+00:00,36569,media/ethio_brand_collection_6027.jpg
ethio_brand_collection,6026,"Adidas Samba OG size 40,41,42,43 Price 3600 birr አድራሻሜክሲኮ ኮሜርስ ጀርባ መዚድ ፕላዛ የመጀመሪያ ደረጃ እንደወጡ 101 የቢሮ ቁጥር ያገኙናል or call 0920238243 EthioBrand",2025-04-03T09:00:06+00:00,35970,media/ethio_brand_collection_6026.jpg
ethio_brand_collection,6025,"Nike infinity flow size 40,41,42,43,44 Price 3500 birr አድራሻሜክሲኮ ኮሜርስ ጀርባ መዚድ ፕላዛ የመጀመሪያ ደረጃ እንደወጡ 101 የቢሮ ቁጥር ያገኙናል or call 0920238243 EthioBrand",2025-03-31T09:30:23+00:00,39417,media/ethio_brand_collection_6025.jpg
ethio_brand_collection,6024,"እሁድ ሁሌም ክፍት ነን All star leather high Size 40,41,42,43 Price 3200 birr አድራሻሜክሲኮ ኮሜርስ ጀርባ መዚድ ፕላዛ የመጀመሪያ ደረጃ እንደወጡ 101 የቢሮ ቁጥር ያገኙናል or call 0920238243 EthioBrand",2025-03-30T10:40:06+00:00,39364,media/ethio_brand_collection_6024.jpg
ethio_brand_collection,6023,"Adidas duramo speed Size 40,41,42,43 Price 3600 birr አድራሻሜክሲኮ ኮሜርስ ጀርባ መዚድ ፕላዛ የመጀመሪያ ደረጃ እንደወጡ 101 የቢሮ ቁጥር ያገኙናል or call 0920238243 EthioBrand",2025-03-29T09:15:01+00:00,37181,media/ethio_brand_collection_6023.jpg
ethio_brand_collection,6022,"White Sandals Size 40,42,43,44 Price 1900 birr አድራሻሜክሲኮ ኮሜርስ ጀርባ መዚድ ፕላዛ የመጀመሪያ ደረጃ እንደወጡ 101 የቢሮ ቁጥር ያገኙናል or call 0920238243 EthioBrand",2025-03-29T06:11:40+00:00,35447,media/ethio_brand_collection_6022.jpg
ethio_brand_collection,6021,"Wesdenk leather comfort Size 42,43,44 Price 4500 birr አድራሻሜክሲኮ ኮሜርስ ጀርባ መዚድ ፕላዛ የመጀመሪያ ደረጃ እንደወጡ 101 የቢሮ ቁጥር ያገኙናል or call 0920238243 EthioBrand",2025-03-28T09:00:48+00:00,35846,media/ethio_brand_collection_6021.jpg
ethio_brand_collection,6020,"Under armour Goretex Size 40,41,43 Price 3500 birr አድራሻሜክሲኮ ኮሜርስ ጀርባ መዚድ ፕላዛ የመጀመሪያ ደረጃ እንደወጡ 101 የቢሮ ቁጥር ያገኙናል or call 0920238243 EthioBrand",2025-03-28T06:03:42+00:00,35849,media/ethio_brand_collection_6020.jpg
ethio_brand_collection,6019,"Nike infinity flow size 40,41,42,43,44 Price 3500 birr አድራሻሜክሲኮ ኮሜርስ ጀርባ መዚድ ፕላዛ የመጀመሪያ ደረጃ እንደወጡ 101 የቢሮ ቁጥር ያገኙናል or call 0920238243 EthioBrand",2025-03-27T12:03:26+00:00,36519,media/ethio_brand_collection_6019.jpg
ethio_brand_collection,6018,"Nike Just Do It Size 39,40,41,42,43 Price 3400 birr አድራሻሜክሲኮ ኮሜርስ ጀርባ መዚድ ፕላዛ የመጀመሪያ ደረጃ እንደወጡ 101 የቢሮ ቁጥር ያገኙናል or call 0920238243 EthioBrand",2025-03-27T09:07:26+00:00,36183,media/ethio_brand_collection_6018.jpg
Fashiontera,4151,"Made in Vietnam Size 41,42 Price 3400 Free Delivery Inbox @Hiwe5266 ስልክ 251945355266 ፋሽን ተራ Fashion Tera አድራሻ አዲስ አበባ ,ጦር ሀይሎች ድሪም ታወር 2ተኛ ፎቅ",2025-06-14T13:32:36+00:00,1642,media/Fashiontera_4151.jpg
Fashiontera,4149,"Airforce Made in Vietnam Size 40,41,42,43,44 Price 4500 Free Delivery Inbox @Hiwe5266 ስልክ 251945355266 ፋሽን ተራ Fashion Tera አድራሻ አዲስ አበባ ,ጦር ሀይሎች ድሪም ታወር 2ተኛ ፎቅ",2025-06-13T19:55:32+00:00,1352,media/Fashiontera_4149.jpg
Fashiontera,4148,"Under Armur Made in Vietnam Size 41,42 Price 3500 Free Delivery Inbox @Hiwe5266 ስልክ 251945355266 ፋሽን ተራ Fashion Tera አድራሻ አዲስ አበባ ,ጦር ሀይሎች ድሪም ታወር 2ተኛ ፎቅ",2025-06-11T20:11:16+00:00,1286,media/Fashiontera_4148.jpg
Fashiontera,4146,"NB Made in Vietnam Size 42,43 Price 2900 Free Delivery Inbox @Hiwe5266 ስልክ 251945355266 ፋሽን ተራ Fashion Tera አድራሻ አዲስ አበባ ,ጦር ሀይሎች ድሪም ታወር 2ተኛ ፎቅ",2025-06-04T19:18:01+00:00,1988,media/Fashiontera_4146.jpg
Fashiontera,4144,"High Quality shoes Size 44 Price 3500 Free Delivery Inbox @Hiwe5266 ስልክ 251945355266 ፋሽን ተራ Fashion Tera አድራሻ አዲስ አበባ ,ጦር ሀይሎች ድሪም ታወር 2ተኛ ፎቅ",2025-06-03T19:34:21+00:00,1864,media/Fashiontera_4144.jpg
Fashiontera,4143,"Convers Boots Made in Vietnam Size 41,42,43 Price 4200 Free Delivery Inbox @Hiwe5266 ስልክ 251945355266 ፋሽን ተራ Fashion Tera አድራሻ አዲስ አበባ ,ጦር ሀይሎች ድሪም ታወር 2ተኛ ፎቅ",2025-06-03T19:32:48+00:00,1408,media/Fashiontera_4143.jpg
Fashiontera,4142,"VENICE High Quality Shose Size 40 Price 3900 Free Delivery Inbox @Hiwe5266 ስልክ 251945355266 ፋሽን ተራ Fashion Tera አድራሻ አዲስ አበባ ,ጦር ሀይሎች ድሪም ታወር 2ተኛ ፎቅ",2025-05-31T14:20:01+00:00,1838,media/Fashiontera_4142.jpg
Fashiontera,4141,"በድጋሚ ገብቷል High Quality Shose Size 39,40,42.43 Price 3500 Free Delivery Inbox @Hiwe5266 ስልክ 251945355266 ፋሽን ተራ Fashion Tera አድራሻ አዲስ አበባ ,ጦር ሀይሎች ድሪም ታወር 2ተኛ ፎቅ",2025-05-27T18:09:07+00:00,2257,media/Fashiontera_4141.jpg
Fashiontera,4138,"Men WATCH Rolex Price 2200 No gift box Free Delivery Inbox @Hiwe5266 ስልክ 251945355266 ፋሽን ተራ Fashion Tera አድራሻ አዲስ አበባ ,ጦር ሀይሎች ድሪም ታወር 2ተኛ ፎቅ",2025-05-20T14:15:56+00:00,2382,media/Fashiontera_4138.jpg
Fashiontera,4135,"Speed Couple Watch Price 3800 Free Delivery Inbox @Hiwe5266 ስልክ 251945355266 ፋሽን ተራ Fashion Tera አድራሻ አዲስ አበባ ,ጦር ሀይሎች ድሪም ታወር 2ተኛ ፎቅ",2025-05-18T19:20:11+00:00,2606,media/Fashiontera_4135.jpg
Fashiontera,4134,"Airforce Made in Vietnam Size 40,41,42,43,44 Price 4500 Free Delivery Inbox @Hiwe5266 ስልክ 251945355266 ፋሽን ተራ Fashion Tera አድራሻ አዲስ አበባ ,ጦር ሀይሎች ድሪም ታወር 2ተኛ ፎቅ",2025-05-16T20:07:36+00:00,2124,media/Fashiontera_4134.jpg
Fashiontera,4133,"Convers Made in Vietnam Size 40,41 Price 3200 Free Delivery Inbox @Hiwe5266 ስልክ 251945355266 ፋሽን ተራ Fashion Tera አድራሻ አዲስ አበባ ,ጦር ሀይሎች ድሪም ታወር 2ተኛ ፎቅ",2025-05-10T14:52:57+00:00,2441,media/Fashiontera_4133.jpg
Fashiontera,4131,"Nike Made in Vietnam Size 42,43 Price 3500 Free Delivery Inbox @Hiwe5266 ስልክ 251945355266 ፋሽን ተራ Fashion Tera አድራሻ አዲስ አበባ ,ጦር ሀይሎች ድሪም ታወር 2ተኛ ፎቅ",2025-05-09T18:54:22+00:00,2671,media/Fashiontera_4131.jpg
Fashiontera,4130,"NB Size 41 Price 3200 Free Delivery Inbox @Hiwe5266 ስልክ 251945355266 ፋሽን ተራ Fashion Tera አድራሻ አዲስ አበባ ,ጦር ሀይሎች ድሪም ታወር 2ተኛ ፎቅ",2025-05-07T20:16:41+00:00,2527,media/Fashiontera_4130.jpg
Fashiontera,4129,"NB Made in Vietnam Size 42,43 Price 2900 Free Delivery Inbox @Hiwe5266 ስልክ 251945355266 ፋሽን ተራ Fashion Tera አድራሻ አዲስ አበባ ,ጦር ሀይሎች ድሪም ታወር 2ተኛ ፎቅ",2025-05-03T18:56:43+00:00,2822,media/Fashiontera_4129.jpg
Fashiontera,4125,"Skechers Made in Vietnam Size 42,44 Price 3500 Free Delivery Inbox @Hiwe5266 ስልክ 251945355266 ፋሽን ተራ Fashion Tera አድራሻ አዲስ አበባ ,ጦር ሀይሎች ድሪም ታወር 2ተኛ ፎቅ",2025-04-29T14:16:29+00:00,3175,media/Fashiontera_4125.jpg
Fashiontera,4124,"Convers Boots Made in Vietnam Size 41,42,43 Price 4200 Free Delivery Inbox @Hiwe5266 ስልክ 251945355266 ፋሽን ተራ Fashion Tera አድራሻ አዲስ አበባ ,ጦር ሀይሎች ድሪም ታወር 2ተኛ ፎቅ",2025-04-25T18:14:03+00:00,3008,media/Fashiontera_4124.jpg
Fashiontera,4123,"Nike SB Made in Vietnam Size 40,41 Price 3500 Free Delivery Inbox @Hiwe5266 ስልክ 251945355266 ፋሽን ተራ Fashion Tera አድራሻ አዲስ አበባ ,ጦር ሀይሎች ድሪም ታወር 2ተኛ ፎቅ",2025-04-24T18:11:40+00:00,2791,media/Fashiontera_4123.jpg
Fashiontera,4119,"Adidas Campus Made in Vietnam Size 40,42,43 Price 3800 Free Delivery Inbox @Hiwe5266 ስልክ 251945355266 ፋሽን ተራ Fashion Tera አድራሻ አዲስ አበባ ,ጦር ሀይሎች ድሪም ታወር 2ተኛ ፎቅ",2025-04-24T18:07:35+00:00,3118,media/Fashiontera_4119.jpg
Fashiontera,4115,"Airforce Made in Vietnam Size 41,42,43 Price 3800 Free Delivery Inbox @Hiwe5266 ስልክ 251945355266 ፋሽን ተራ Fashion Tera አድራሻ አዲስ አበባ ,ጦር ሀይሎች ድሪም ታወር 2ተኛ ፎቅ",2025-04-22T16:34:37+00:00,2501,media/Fashiontera_4115.jpg
Fashiontera,4112,"Nike Made in Vietnam Size 41,42,43 Price 3800 Free Delivery Inbox @Hiwe5266 ስልክ 251945355266 ፋሽን ተራ Fashion Tera አድራሻ አዲስ አበባ ,ጦር ሀይሎች ድሪም ታወር 2ተኛ ፎቅ",2025-04-19T13:34:13+00:00,3160,media/Fashiontera_4112.jpg
Fashiontera,4101,"Jordan low Made in Vietnam Size 40,41 Price 3500 Free Delivery Inbox @Hiwe5266 ስልክ 251945355266 ፋሽን ተራ Fashion Tera አድራሻ አዲስ አበባ ,ጦር ሀይሎች ድሪም ታወር 2ተኛ ፎቅ ቢሮ ቁጥር 205",2025-04-15T12:32:12+00:00,2628,media/Fashiontera_4101.jpg
Fashiontera,4099,"Airforce Made in Vietnam Size 43 Price 3500 Free Delivery Inbox @Hiwe5266 ስልክ 251945355266 ፋሽን ተራ Fashion Tera አድራሻ አዲስ አበባ ,ጦር ሀይሎች ድሪም ታወር 2ተኛ ፎቅ ቢሮ ቁጥር 205",2025-04-14T17:10:53+00:00,2531,media/Fashiontera_4099.jpg
Fashiontera,4098,"በድጋሚ ገብቷል Convers Made in Vietnam Size 41,42,43 Price 3950 Free Delivery Inbox @Hiwe5266 ስልክ 251945355266 ፋሽን ተራ Fashion Tera አድራሻ አዲስ አበባ ,ጦር ሀይሎች ድሪም ታወር 2ተኛ ፎቅ ቢሮ ቁጥር 205",2025-04-08T19:25:04+00:00,2968,media/Fashiontera_4098.jpg
Fashiontera,4093,"Skechers Made in Vietnam Size 42,44 Price 35000 Free Delivery Inbox @Hiwe5266 ስልክ 251945355266 ፋሽን ተራ Fashion Tera አድራሻ አዲስ አበባ ,ጦር ሀይሎች ድሪም ታወር 2ተኛ ፎቅ ቢሮ ቁጥር 205",2025-03-29T15:25:03+00:00,3275,media/Fashiontera_4093.jpg
Fashiontera,4089,"CK MEN WATCH Price 2500 no gift box Free Delivery Inbox @Hiwe5266 ስልክ 251945355266 ፋሽን ተራ Fashion Tera አድራሻ አዲስ አበባ ,ጦር ሀይሎች ድሪም ታወር 2ተኛ ፎቅ ቢሮ ቁጥር 205",2025-03-16T17:46:27+00:00,3968,media/Fashiontera_4089.jpg
Fashiontera,4086,"High Quality Shose Size 41.42.43 Price 3500 Free Delivery Inbox @Hiwe5266 ስልክ 251945355266 ፋሽን ተራ Fashion Tera አድራሻ አዲስ አበባ ,ጦር ሀይሎች ድሪም ታወር 2ተኛ ፎቅ ቢሮ ቁጥር 205",2025-03-14T08:30:20+00:00,3239,media/Fashiontera_4086.jpg
Fashiontera,4083,"High Quality Shose Size 40,41,42 Price 4500 Free Delivery Inbox @Hiwe5266 ስልክ 251945355266 ፋሽን ተራ Fashion Tera አድራሻ አዲስ አበባ ,ጦር ሀይሎች ድሪም ታወር 2ተኛ ፎቅ ቢሮ ቁጥር 205",2025-03-13T11:50:47+00:00,3355,media/Fashiontera_4083.jpg
Fashiontera,4082,"MAXEL MEN WATCH Price 2500 no gift box Free Delivery Inbox @Hiwe5266 ስልክ 251945355266 ፋሽን ተራ Fashion Tera አድራሻ አዲስ አበባ ,ጦር ሀይሎች ድሪም ታወር 2ተኛ ፎቅ ቢሮ ቁጥር 205",2025-03-06T19:01:11+00:00,3720,media/Fashiontera_4082.jpg
Fashiontera,4078,"Under Armur Made in Vietnam Size 41,42,43 Price 3500 Free Delivery Inbox @Hiwe5266 ስልክ 251945355266 ፋሽን ተራ Fashion Tera አድራሻ አዲስ አበባ ,ጦር ሀይሎች ድሪም ታወር 2ተኛ ፎቅ ቢሮ ቁጥር 205",2025-02-27T14:27:10+00:00,3646,media/Fashiontera_4078.jpg
Fashiontera,4076,"Nike Zoom Made in Vietnam Size 41,42,43 Price 3200 Free Delivery Inbox @Hiwe5266 ስልክ 251945355266 ፋሽን ተራ Fashion Tera አድራሻ አዲስ አበባ ,ጦር ሀይሎች ድሪም ታወር 2ተኛ ፎቅ ቢሮ ቁጥር 205",2025-02-25T19:32:49+00:00,3715,media/Fashiontera_4076.jpg
Fashiontera,4069,"Skechers Made in Vietnam Size 41,42,43 Price 3500 Free Delivery Inbox @Hiwe5266 ስልክ 251945355266 ፋሽን ተራ Fashion Tera አድራሻ አዲስ አበባ ,ጦር ሀይሎች ድሪም ታወር 2ተኛ ፎቅ ቢሮ ቁጥር 205",2025-02-12T14:12:23+00:00,3294,media/Fashiontera_4069.jpg
Fashiontera,4068,"Men WATCH EXCEL Price 3000 No gift box Free Delivery Inbox @Hiwe5266 ስልክ 251945355266 ፋሽን ተራ Fashion Tera አድራሻ አዲስ አበባ ,ጦር ሀይሎች ድሪም ታወር 2ተኛ ፎቅ ቢሮ ቁጥር 205",2025-02-12T13:42:40+00:00,3330,media/Fashiontera_4068.jpg
Fashiontera,4065,"Convers Made in Vietnam Size 40,41,42 Price 3950 Free Delivery Inbox @Hiwe5266 ስልክ 251945355266 ፋሽን ተራ Fashion Tera አድራሻ አዲስ አበባ ,ጦር ሀይሎች ድሪም ታወር 2ተኛ ፎቅ ቢሮ ቁጥር 205",2025-02-08T19:37:55+00:00,4092,media/Fashiontera_4065.jpg
Fashiontera,4064,"Men WATCH ROLEX Price 2200 No gift box Free Delivery Inbox @Hiwe5266 ስልክ 251945355266 ፋሽን ተራ Fashion Tera አድራሻ አዲስ አበባ ,ጦር ሀይሎች ድሪም ታወር 2ተኛ ፎቅ ቢሮ ቁጥር 205",2025-01-22T19:24:08+00:00,4611,media/Fashiontera_4064.jpg
Fashiontera,4062,"Made in Vietnam Size 41,42,43 Price 3400 Free Delivery Inbox @Hiwe5266 ስልክ 251945355266 ፋሽን ተራ Fashion Tera አድራሻ አዲስ አበባ ,ጦር ሀይሎች ድሪም ታወር 2ተኛ ፎቅ ቢሮ ቁጥር 205",2025-01-21T08:01:10+00:00,4214,media/Fashiontera_4062.jpg
Fashiontera,4057,"Under Armur Made in Vietnam Size 41,42,43 Price 3500 Free Delivery Inbox @Hiwe5266 ስልክ 251945355266 ፋሽን ተራ Fashion Tera አድራሻ አዲስ አበባ ,ጦር ሀይሎች ድሪም ታወር 2ተኛ ፎቅ ቢሮ ቁጥር 205",2025-01-11T15:20:03+00:00,5114,media/Fashiontera_4057.jpg
Fashiontera,4043,"NB Made in Vietnam Size 41,42,43 Price 2900 Free Delivery Inbox @Hiwe5266 ስልክ 251945355266 ፋሽን ተራ Fashion Tera አድራሻ አዲስ አበባ ,ጦር ሀይሎች ድሪም ታወር 2ተኛ ፎቅ ቢሮ ቁጥር 205",2024-12-31T18:47:39+00:00,4316,media/Fashiontera_4043.jpg
Fashiontera,4039,"High Quality shoes Size 43,44 Price 3800 Free Delivery Inbox @Hiwe5266 ስልክ 251945355266 ፋሽን ተራ Fashion Tera አድራሻ አዲስ አበባ ,ጦር ሀይሎች ድሪም ታወር 2ተኛ ፎቅ ቢሮ ቁጥር 205",2024-12-26T14:21:25+00:00,4165,media/Fashiontera_4039.jpg
Fashiontera,4037,"Skechers Made in Vietnam Size 40,42,43 Price 3200 Free Delivery Inbox @Hiwe5266 ስልክ 251945355266 ፋሽን ተራ Fashion Tera አድራሻ አዲስ አበባ ,ጦር ሀይሎች ድሪም ታወር 2ተኛ ፎቅ ቢሮ ቁጥር 205",2024-12-24T13:42:02+00:00,4122,media/Fashiontera_4037.jpg
Fashiontera,4034,"Jordan low Made in Vietnam Size 40,41,42,43 Price 3800 Free Delivery Inbox @Hiwe5266 ስልክ 251945355266 ፋሽን ተራ Fashion Tera አድራሻ አዲስ አበባ ,ጦር ሀይሎች ድሪም ታወር 2ተኛ ፎቅ ቢሮ ቁጥር 205",2024-12-21T16:48:29+00:00,4455,media/Fashiontera_4034.jpg
